Product_ID,Product_Name,Category,Brand,Suitable_Skin_Type,For_Acne,For_Dry_Skin,For_Sensitive_Skin,Oil_Free,Suitable_Hair_Type,For_Dandruff,For_Hair_Fall,For_Dry_Hair,Sulfate_Free,Fragrance_Free,Paraben_Free,Alcohol_Free,Herbal_Content,Nut_Content,Price,Rating
1,GlowPlus Shampoo 1,Skin,GlowPlus,Dry,1,1,0,1,,0,0,0,0,0,0,1,0,0,1292,3.6
2,PureSkin Shampoo 2,Skin,PureSkin,Oily,1,0,0,1,,0,0,0,0,1,1,0,0,1,1237,3.5
3,HairVital Conditioner 3,Skin,HairVital,Combination,1,1,1,0,,0,0,0,0,1,0,0,1,1,1203,3.7
4,PureSkin Oil 4,Skin,PureSkin,Sensitive,0,0,1,0,,0,0,0,0,0,0,1,0,0,470,4.5
5,PureSkin Moisturizer 5,Skin,PureSkin,Normal,0,1,1,1,,0,0,0,0,1,0,0,0,1,1221,5.0
6,HairVital Mask 6,Skin,HairVital,Normal,0,1,1,0,,0,0,0,0,0,1,0,0,0,1084,3.2
7,PureSkin Mask 7,Skin,PureSkin,Dry,0,1,0,1,,0,0,0,0,1,0,1,1,0,1352,3.6
8,PureSkin Oil 8,Skin,PureSkin,Combination,1,0,0,0,,0,0,0,0,0,0,1,0,1,1153,3.5
9,DermaCare Conditioner 9,Skin,DermaCare,Oily,1,0,0,1,,0,0,0,0,0,0,1,0,1,928,3.6
10,PureSkin Conditioner 10,Skin,PureSkin,Sensitive,1,1,1,1,,0,0,0,0,0,1,0,1,1,308,3.5
11,DermaCare Moisturizer 11,Skin,DermaCare,Combination,0,1,0,1,,0,0,0,0,1,1,1,1,0,1270,3.1
12,HairVital Moisturizer 12,Skin,HairVital,Combination,1,1,0,0,,0,0,0,0,1,0,0,0,0,905,3.1
13,DermaCare Shampoo 13,Skin,DermaCare,Combination,0,0,1,0,,0,0,0,0,1,1,0,0,0,235,3.5
14,PureSkin Moisturizer 14,Skin,PureSkin,Oily,1,0,0,1,,0,0,0,0,0,1,0,0,0,927,4.4
15,HairVital Cleanser 15,Skin,HairVital,Sensitive,1,1,1,0,,0,0,0,0,0,0,1,0,0,1027,4.3
16,GlowPlus Conditioner 16,Skin,GlowPlus,Combination,1,0,0,0,,0,0,0,0,0,1,1,1,0,391,3.8
17,DermaCare Shampoo 17,Skin,DermaCare,Oily,1,0,0,1,,0,0,0,0,0,1,0,0,0,1235,4.1
18,NatureGlow Serum 18,Skin,NatureGlow,Combination,0,0,0,0,,0,0,0,0,0,0,1,1,0,1394,3.3
19,NatureGlow Oil 19,Skin,NatureGlow,Combination,1,1,0,0,,0,0,0,0,1,0,0,1,0,1377,4.1
20,PureSkin Oil 20,Skin,PureSkin,Sensitive,1,0,1,0,,0,0,0,0,0,0,0,0,0,1447,3.9
21,PureSkin Shampoo 21,Skin,PureSkin,Oily,1,0,0,1,,0,0,0,0,1,1,1,1,0,358,4.0
22,DermaCare Moisturizer 22,Skin,DermaCare,Dry,0,1,0,1,,0,0,0,0,0,0,1,1,1,596,3.5
23,NatureGlow Oil 23,Skin,NatureGlow,Normal,0,1,1,0,,0,0,0,0,0,1,0,1,1,270,4.2
24,NatureGlow Serum 24,Skin,NatureGlow,Sensitive,0,1,1,1,,0,0,0,0,0,1,1,1,0,818,4.6
25,PureSkin Mask 25,Skin,PureSkin,Oily,1,1,0,1,,0,0,0,0,0,0,1,1,0,1089,4.4
26,HairVital Shampoo 26,Skin,HairVital,Combination,0,1,1,0,,0,0,0,0,0,0,0,0,0,1203,4.9
27,GlowPlus Conditioner 27,Skin,GlowPlus,Combination,0,1,0,0,,0,0,0,0,0,1,0,0,0,395,3.0
28,PureSkin Conditioner 28,Skin,PureSkin,Dry,0,1,0,1,,0,0,0,0,0,0,0,0,1,444,4.0
29,HairVital Conditioner 29,Skin,HairVital,Dry,1,1,0,1,,0,0,0,0,0,0,1,1,0,1279,4.0
30,NatureGlow Shampoo 30,Skin,NatureGlow,Normal,1,1,0,1,,0,0,0,0,1,1,0,0,1,459,3.4
31,NatureGlow Mask 31,Skin,NatureGlow,Normal,0,0,0,1,,0,0,0,0,1,0,0,1,0,956,3.5
32,DermaCare Shampoo 32,Skin,DermaCare,Sensitive,1,1,1,0,,0,0,0,0,1,1,0,1,1,1004,3.1
33,DermaCare Conditioner 33,Skin,DermaCare,Oily,1,1,1,1,,0,0,0,0,0,1,0,0,0,1483,3.4
34,HairVital Conditioner 34,Skin,HairVital,Oily,1,0,0,1,,0,0,0,0,0,1,1,1,1,324,4.6
35,GlowPlus Oil 35,Skin,GlowPlus,Combination,0,0,1,0,,0,0,0,0,0,0,0,1,0,307,3.3
36,GlowPlus Mask 36,Skin,GlowPlus,Normal,1,1,1,0,,0,0,0,0,0,1,1,0,0,204,4.1
37,NatureGlow Serum 37,Skin,NatureGlow,Combination,1,1,1,0,,0,0,0,0,1,1,0,1,1,1381,3.3
38,HairVital Conditioner 38,Skin,HairVital,Sensitive,1,0,1,1,,0,0,0,0,0,0,0,1,0,1051,3.1
39,PureSkin Mask 39,Skin,PureSkin,Dry,1,1,1,1,,0,0,0,0,0,1,1,1,1,628,3.7
40,DermaCare Oil 40,Skin,DermaCare,Combination,1,0,1,1,,0,0,0,0,1,0,1,1,1,1039,3.5
41,PureSkin Moisturizer 41,Skin,PureSkin,Sensitive,0,1,1,1,,0,0,0,0,1,0,1,0,1,395,4.4
42,PureSkin Shampoo 42,Skin,PureSkin,Dry,0,1,0,0,,0,0,0,0,0,1,1,1,1,662,4.1
43,HairVital Shampoo 43,Skin,HairVital,Sensitive,1,0,1,1,,0,0,0,0,1,1,1,1,0,518,4.9
44,PureSkin Moisturizer 44,Skin,PureSkin,Dry,1,1,1,1,,0,0,0,0,0,1,1,0,1,1107,4.3
45,DermaCare Conditioner 45,Skin,DermaCare,Normal,0,1,1,0,,0,0,0,0,0,0,0,0,0,275,4.8
46,NatureGlow Mask 46,Skin,NatureGlow,Sensitive,1,1,1,0,,0,0,0,0,0,0,1,0,1,1222,4.5
47,GlowPlus Conditioner 47,Skin,GlowPlus,Dry,1,1,0,1,,0,0,0,0,1,1,1,1,0,1034,3.5
48,DermaCare Moisturizer 48,Skin,DermaCare,Sensitive,1,0,1,1,,0,0,0,0,0,1,0,0,1,1485,4.4
49,HairVital Moisturizer 49,Skin,HairVital,Oily,1,1,0,1,,0,0,0,0,0,1,0,0,0,413,4.3
50,HairVital Cleanser 50,Skin,HairVital,Oily,1,1,0,1,,0,0,0,0,1,1,0,1,1,671,3.1
51,GlowPlus Mask 51,Skin,GlowPlus,Normal,0,1,0,0,,0,0,0,0,0,0,0,1,1,817,3.6
52,NatureGlow Serum 52,Skin,NatureGlow,Oily,1,1,0,1,,0,0,0,0,0,1,1,1,0,968,5.0
53,NatureGlow Conditioner 53,Skin,NatureGlow,Dry,1,1,0,1,,0,0,0,0,0,0,0,1,0,1307,3.8
54,HairVital Conditioner 54,Skin,HairVital,Sensitive,1,1,1,1,,0,0,0,0,0,1,1,0,0,1396,4.7
55,GlowPlus Cleanser 55,Skin,GlowPlus,Normal,0,1,1,1,,0,0,0,0,1,1,1,0,0,613,3.0
56,NatureGlow Mask 56,Skin,NatureGlow,Dry,1,1,1,1,,0,0,0,0,0,0,0,1,0,1178,4.3
57,NatureGlow Cleanser 57,Skin,NatureGlow,Dry,0,1,0,1,,0,0,0,0,1,0,0,1,0,723,4.0
58,HairVital Moisturizer 58,Skin,HairVital,Oily,1,0,0,1,,0,0,0,0,1,1,1,1,1,729,4.8
59,HairVital Serum 59,Skin,HairVital,Oily,1,0,0,1,,0,0,0,0,1,1,1,0,1,1096,4.2
60,NatureGlow Cleanser 60,Skin,NatureGlow,Oily,1,1,0,1,,0,0,0,0,0,0,1,0,1,385,4.2
61,NatureGlow Mask 61,Skin,NatureGlow,Dry,1,1,1,0,,0,0,0,0,1,0,0,0,1,807,4.4
62,GlowPlus Serum 62,Skin,GlowPlus,Dry,1,1,0,1,,0,0,0,0,0,1,0,1,1,1158,4.6
63,GlowPlus Oil 63,Skin,GlowPlus,Sensitive,0,1,1,1,,0,0,0,0,0,0,1,1,1,519,4.7
64,GlowPlus Mask 64,Skin,GlowPlus,Sensitive,0,0,1,0,,0,0,0,0,0,0,1,0,0,1446,4.3
65,DermaCare Conditioner 65,Skin,DermaCare,Oily,1,0,1,1,,0,0,0,0,1,1,1,0,0,1315,4.9
66,PureSkin Conditioner 66,Skin,PureSkin,Normal,1,1,1,0,,0,0,0,0,0,1,0,1,0,273,4.5
67,GlowPlus Cleanser 67,Skin,GlowPlus,Sensitive,1,1,1,1,,0,0,0,0,1,0,0,1,1,1008,4.5
68,NatureGlow Moisturizer 68,Skin,NatureGlow,Sensitive,0,1,1,0,,0,0,0,0,1,1,1,0,1,992,3.4
69,GlowPlus Mask 69,Skin,GlowPlus,Normal,0,1,0,1,,0,0,0,0,1,1,0,1,0,724,4.6
70,PureSkin Moisturizer 70,Skin,PureSkin,Normal,1,1,0,0,,0,0,0,0,0,1,0,1,0,565,3.4
71,HairVital Shampoo 71,Skin,HairVital,Combination,0,1,0,1,,0,0,0,0,1,0,1,1,0,1150,4.4
72,NatureGlow Shampoo 72,Skin,NatureGlow,Combination,1,0,1,0,,0,0,0,0,1,1,1,1,1,439,4.3
73,PureSkin Cleanser 73,Skin,PureSkin,Sensitive,1,1,1,1,,0,0,0,0,1,0,0,0,1,470,3.6
74,GlowPlus Moisturizer 74,Skin,GlowPlus,Sensitive,1,0,1,0,,0,0,0,0,0,1,0,1,0,208,3.4
75,NatureGlow Serum 75,Skin,NatureGlow,Sensitive,0,0,1,1,,0,0,0,0,0,1,1,1,0,1404,3.3
76,NatureGlow Shampoo 76,Skin,NatureGlow,Combination,1,0,1,0,,0,0,0,0,0,1,0,0,0,248,4.7
77,GlowPlus Serum 77,Skin,GlowPlus,Dry,0,1,0,1,,0,0,0,0,1,1,0,1,0,1390,4.1
78,HairVital Conditioner 78,Skin,HairVital,Normal,1,1,0,1,,0,0,0,0,0,0,0,1,0,705,4.6
79,PureSkin Moisturizer 79,Skin,PureSkin,Combination,0,1,0,1,,0,0,0,0,0,1,0,1,1,919,4.0
80,GlowPlus Moisturizer 80,Skin,GlowPlus,Normal,1,0,0,0,,0,0,0,0,0,0,0,1,1,636,3.7
81,DermaCare Cleanser 81,Skin,DermaCare,Combination,1,0,0,1,,0,0,0,0,1,0,0,0,0,529,3.9
82,NatureGlow Shampoo 82,Skin,NatureGlow,Sensitive,0,0,1,0,,0,0,0,0,0,1,0,0,1,619,3.4
83,HairVital Serum 83,Skin,HairVital,Normal,0,0,0,0,,0,0,0,0,0,0,1,1,0,1383,4.6
84,HairVital Serum 84,Skin,HairVital,Sensitive,0,0,1,0,,0,0,0,0,0,0,0,1,1,1014,3.0
85,GlowPlus Oil 85,Skin,GlowPlus,Normal,1,0,1,0,,0,0,0,0,0,1,1,1,0,661,4.3
86,DermaCare Moisturizer 86,Skin,DermaCare,Combination,0,0,0,0,,0,0,0,0,0,1,0,0,1,373,3.3
87,NatureGlow Moisturizer 87,Skin,NatureGlow,Oily,1,0,1,1,,0,0,0,0,0,0,0,0,1,263,3.2
88,HairVital Conditioner 88,Skin,HairVital,Dry,1,1,0,1,,0,0,0,0,1,1,1,1,0,404,4.7
89,GlowPlus Cleanser 89,Skin,GlowPlus,Sensitive,1,0,1,0,,0,0,0,0,0,0,0,1,1,1297,4.8
90,HairVital Shampoo 90,Skin,HairVital,Normal,1,0,0,1,,0,0,0,0,1,0,1,1,0,739,3.9
91,DermaCare Cleanser 91,Skin,DermaCare,Sensitive,1,0,1,1,,0,0,0,0,0,0,1,1,1,488,3.2
92,GlowPlus Mask 92,Skin,GlowPlus,Dry,0,1,0,0,,0,0,0,0,0,0,0,1,1,940,3.4
93,PureSkin Conditioner 93,Skin,PureSkin,Combination,1,0,0,0,,0,0,0,0,0,1,0,0,0,315,3.9
94,PureSkin Shampoo 94,Skin,PureSkin,Dry,0,1,0,0,,0,0,0,0,0,0,0,0,1,1448,4.9
95,DermaCare Cleanser 95,Skin,DermaCare,Normal,1,1,1,1,,0,0,0,0,1,1,1,0,0,1215,4.3
96,NatureGlow Mask 96,Skin,NatureGlow,Dry,1,1,0,1,,0,0,0,0,1,0,0,1,0,430,4.2
97,HairVital Shampoo 97,Skin,HairVital,Normal,1,0,0,1,,0,0,0,0,0,0,1,0,0,432,3.8
98,NatureGlow Moisturizer 98,Skin,NatureGlow,Sensitive,1,0,1,1,,0,0,0,0,0,1,0,1,1,817,3.2
99,GlowPlus Conditioner 99,Skin,GlowPlus,Combination,1,0,1,1,,0,0,0,0,0,0,0,0,1,320,3.5
100,NatureGlow Shampoo 100,Skin,NatureGlow,Combination,1,0,0,0,,0,0,0,0,0,1,0,1,0,1262,4.1
101,HairVital Shampoo 101,Skin,HairVital,Combination,0,0,0,1,,0,0,0,0,1,1,1,0,0,1206,4.6
102,GlowPlus Moisturizer 102,Skin,GlowPlus,Combination,1,1,0,1,,0,0,0,0,1,0,0,0,1,456,4.1
103,HairVital Cleanser 103,Skin,HairVital,Sensitive,0,1,1,0,,0,0,0,0,0,1,0,1,0,1365,3.7
104,PureSkin Cleanser 104,Skin,PureSkin,Combination,1,0,0,0,,0,0,0,0,1,1,1,0,0,915,3.1
105,DermaCare Oil 105,Skin,DermaCare,Sensitive,0,1,1,0,,0,0,0,0,1,1,0,0,0,733,4.8
106,HairVital Mask 106,Skin,HairVital,Oily,1,1,1,1,,0,0,0,0,1,0,0,0,1,1037,3.9
107,PureSkin Shampoo 107,Skin,PureSkin,Combination,0,0,1,1,,0,0,0,0,0,0,1,1,1,758,3.2
108,PureSkin Conditioner 108,Skin,PureSkin,Dry,0,1,1,1,,0,0,0,0,1,0,0,1,1,1242,3.2
109,GlowPlus Oil 109,Skin,GlowPlus,Normal,0,0,0,0,,0,0,0,0,0,1,0,0,0,957,4.0
110,DermaCare Conditioner 110,Skin,DermaCare,Normal,0,1,1,1,,0,0,0,0,1,1,1,0,1,383,4.1
111,GlowPlus Shampoo 111,Skin,GlowPlus,Oily,1,1,0,1,,0,0,0,0,1,0,1,0,1,1250,4.8
112,DermaCare Oil 112,Skin,DermaCare,Oily,1,1,0,1,,0,0,0,0,0,0,0,1,0,486,3.5
113,GlowPlus Mask 113,Skin,GlowPlus,Sensitive,0,0,1,1,,0,0,0,0,0,0,0,1,0,916,4.2
114,NatureGlow Moisturizer 114,Skin,NatureGlow,Normal,1,1,1,0,,0,0,0,0,0,0,0,0,0,501,3.9
115,NatureGlow Shampoo 115,Skin,NatureGlow,Oily,1,1,0,1,,0,0,0,0,0,0,1,0,1,718,4.8
116,NatureGlow Cleanser 116,Skin,NatureGlow,Sensitive,1,1,1,1,,0,0,0,0,0,0,1,0,0,837,4.8
117,HairVital Serum 117,Skin,HairVital,Oily,1,0,0,1,,0,0,0,0,1,0,0,1,1,753,3.1
118,PureSkin Shampoo 118,Skin,PureSkin,Sensitive,0,1,1,0,,0,0,0,0,1,1,0,1,0,1495,3.5
119,GlowPlus Serum 119,Skin,GlowPlus,Oily,1,0,0,1,,0,0,0,0,0,1,1,1,0,825,3.2
120,DermaCare Conditioner 120,Skin,DermaCare,Combination,0,0,1,0,,0,0,0,0,0,0,0,1,1,867,4.7
121,HairVital Serum 121,Skin,HairVital,Normal,1,0,0,1,,0,0,0,0,0,1,0,0,0,1348,4.3
122,GlowPlus Serum 122,Skin,GlowPlus,Dry,0,1,1,0,,0,0,0,0,0,1,0,1,1,1039,4.6
123,NatureGlow Serum 123,Skin,NatureGlow,Sensitive,0,0,1,1,,0,0,0,0,0,1,1,1,1,826,4.5
124,NatureGlow Mask 124,Skin,NatureGlow,Dry,0,1,1,1,,0,0,0,0,0,0,0,1,0,1161,4.8
125,DermaCare Cleanser 125,Skin,DermaCare,Dry,0,1,1,0,,0,0,0,0,0,0,0,0,1,606,3.1
126,NatureGlow Oil 126,Skin,NatureGlow,Oily,1,1,0,1,,0,0,0,0,0,1,1,0,0,1450,3.5
127,GlowPlus Moisturizer 127,Skin,GlowPlus,Normal,1,1,1,1,,0,0,0,0,1,1,0,1,1,968,4.4
128,PureSkin Serum 128,Skin,PureSkin,Dry,1,1,1,1,,0,0,0,0,0,1,0,0,1,667,3.4
129,DermaCare Shampoo 129,Skin,DermaCare,Oily,1,1,0,1,,0,0,0,0,1,0,0,1,0,210,4.0
130,HairVital Oil 130,Skin,HairVital,Dry,0,1,0,0,,0,0,0,0,0,1,1,1,1,1167,4.7
131,DermaCare Conditioner 131,Skin,DermaCare,Dry,0,1,1,1,,0,0,0,0,0,0,1,1,0,1397,3.5
132,DermaCare Cleanser 132,Skin,DermaCare,Dry,1,1,0,0,,0,0,0,0,0,0,0,1,0,213,3.1
133,PureSkin Moisturizer 133,Skin,PureSkin,Combination,0,1,1,0,,0,0,0,0,0,1,0,1,0,703,4.4
134,HairVital Shampoo 134,Skin,HairVital,Sensitive,0,0,1,0,,0,0,0,0,1,0,1,0,0,1079,3.1
135,PureSkin Moisturizer 135,Skin,PureSkin,Oily,1,0,1,1,,0,0,0,0,0,1,1,0,1,810,4.3
136,HairVital Moisturizer 136,Skin,HairVital,Sensitive,0,1,1,1,,0,0,0,0,1,0,0,1,0,1259,4.8
137,DermaCare Conditioner 137,Skin,DermaCare,Oily,1,1,1,1,,0,0,0,0,0,1,1,1,0,1088,4.4
138,PureSkin Oil 138,Skin,PureSkin,Combination,1,0,1,1,,0,0,0,0,0,1,1,1,0,707,4.2
139,DermaCare Cleanser 139,Skin,DermaCare,Sensitive,0,1,1,1,,0,0,0,0,0,1,1,0,0,250,3.8
140,NatureGlow Shampoo 140,Skin,NatureGlow,Sensitive,0,0,1,1,,0,0,0,0,0,1,0,0,1,637,4.4
141,GlowPlus Oil 141,Skin,GlowPlus,Dry,1,1,0,1,,0,0,0,0,1,0,0,0,0,1423,4.2
142,HairVital Shampoo 142,Skin,HairVital,Combination,0,1,1,0,,0,0,0,0,1,1,0,1,1,1083,4.7
143,GlowPlus Cleanser 143,Skin,GlowPlus,Normal,0,1,1,0,,0,0,0,0,0,1,0,0,1,1239,4.3
144,GlowPlus Serum 144,Skin,GlowPlus,Sensitive,1,1,1,0,,0,0,0,0,1,0,0,1,1,767,4.6
145,HairVital Serum 145,Skin,HairVital,Combination,0,0,1,1,,0,0,0,0,0,1,0,0,1,269,4.8
146,PureSkin Shampoo 146,Skin,PureSkin,Dry,0,1,0,1,,0,0,0,0,1,1,1,1,1,1332,3.4
147,NatureGlow Mask 147,Skin,NatureGlow,Sensitive,1,0,1,1,,0,0,0,0,1,1,0,1,0,628,4.4
148,GlowPlus Shampoo 148,Skin,GlowPlus,Dry,1,1,1,1,,0,0,0,0,1,1,1,1,1,500,3.9
149,GlowPlus Cleanser 149,Skin,GlowPlus,Oily,1,1,0,1,,0,0,0,0,1,0,1,0,1,540,4.7
150,PureSkin Oil 150,Skin,PureSkin,Combination,1,0,1,1,,0,0,0,0,0,1,0,1,0,283,3.8
151,PureSkin Cleanser 151,Skin,PureSkin,Combination,0,0,0,0,,0,0,0,0,0,1,1,1,1,1048,3.9
152,DermaCare Oil 152,Skin,DermaCare,Oily,1,0,1,1,,0,0,0,0,0,1,1,1,1,1443,4.9
153,PureSkin Conditioner 153,Skin,PureSkin,Dry,1,1,0,0,,0,0,0,0,1,0,1,0,1,494,3.1
154,DermaCare Moisturizer 154,Skin,DermaCare,Oily,1,0,1,1,,0,0,0,0,1,1,0,1,1,701,4.3
155,DermaCare Serum 155,Skin,DermaCare,Oily,1,0,1,1,,0,0,0,0,1,1,1,1,1,1170,4.0
156,NatureGlow Oil 156,Skin,NatureGlow,Sensitive,0,1,1,1,,0,0,0,0,0,1,0,0,0,1114,4.9
157,GlowPlus Moisturizer 157,Skin,GlowPlus,Normal,1,0,0,0,,0,0,0,0,0,0,1,0,0,1033,4.9
158,GlowPlus Shampoo 158,Skin,GlowPlus,Oily,1,1,1,1,,0,0,0,0,1,0,1,1,1,1456,4.0
159,GlowPlus Moisturizer 159,Skin,GlowPlus,Oily,1,1,1,1,,0,0,0,0,0,1,1,1,1,836,3.7
160,NatureGlow Cleanser 160,Skin,NatureGlow,Dry,1,1,0,1,,0,0,0,0,0,0,0,1,1,1257,4.2
161,GlowPlus Shampoo 161,Skin,GlowPlus,Combination,1,1,0,1,,0,0,0,0,1,0,1,1,0,1108,4.1
162,NatureGlow Shampoo 162,Skin,NatureGlow,Normal,0,1,1,0,,0,0,0,0,0,0,0,1,0,969,3.0
163,HairVital Moisturizer 163,Skin,HairVital,Oily,1,1,1,1,,0,0,0,0,0,1,1,1,1,736,3.8
164,PureSkin Serum 164,Skin,PureSkin,Oily,1,0,1,1,,0,0,0,0,0,0,1,0,0,821,3.8
165,PureSkin Serum 165,Skin,PureSkin,Sensitive,0,0,1,1,,0,0,0,0,1,1,1,0,0,930,3.3
166,PureSkin Shampoo 166,Skin,PureSkin,Oily,1,1,1,1,,0,0,0,0,0,1,1,1,0,532,3.8
167,NatureGlow Shampoo 167,Skin,NatureGlow,Sensitive,0,1,1,0,,0,0,0,0,1,0,0,0,1,998,3.3
168,GlowPlus Moisturizer 168,Skin,GlowPlus,Oily,1,1,1,1,,0,0,0,0,0,0,0,1,0,1401,4.5
169,DermaCare Moisturizer 169,Skin,DermaCare,Oily,1,0,0,1,,0,0,0,0,0,1,0,0,1,579,4.3
170,HairVital Moisturizer 170,Skin,HairVital,Combination,1,0,1,0,,0,0,0,0,1,0,0,0,1,968,3.4
171,DermaCare Moisturizer 171,Skin,DermaCare,Sensitive,0,0,1,0,,0,0,0,0,0,0,0,1,0,412,4.4
172,PureSkin Mask 172,Skin,PureSkin,Normal,1,0,1,1,,0,0,0,0,1,0,0,0,0,259,3.1
173,GlowPlus Moisturizer 173,Skin,GlowPlus,Sensitive,1,0,1,0,,0,0,0,0,1,1,0,1,1,985,3.3
174,DermaCare Conditioner 174,Skin,DermaCare,Dry,1,1,1,0,,0,0,0,0,1,1,0,0,0,1368,4.8
175,HairVital Conditioner 175,Skin,HairVital,Sensitive,1,1,1,1,,0,0,0,0,0,0,1,1,0,1104,5.0
176,DermaCare Serum 176,Skin,DermaCare,Normal,0,1,1,0,,0,0,0,0,0,0,0,0,1,1285,3.7
177,PureSkin Moisturizer 177,Skin,PureSkin,Combination,0,1,1,1,,0,0,0,0,1,0,1,1,1,1449,3.8
178,DermaCare Serum 178,Skin,DermaCare,Sensitive,0,1,1,0,,0,0,0,0,0,1,1,1,0,879,4.1
179,GlowPlus Mask 179,Skin,GlowPlus,Sensitive,0,1,1,0,,0,0,0,0,0,0,0,0,1,640,3.8
180,GlowPlus Conditioner 180,Skin,GlowPlus,Combination,0,0,0,1,,0,0,0,0,1,0,1,1,1,1231,4.6
181,NatureGlow Oil 181,Skin,NatureGlow,Dry,1,1,0,0,,0,0,0,0,0,0,0,1,0,803,4.6
182,PureSkin Conditioner 182,Skin,PureSkin,Normal,1,1,0,1,,0,0,0,0,0,1,0,0,1,797,3.7
183,PureSkin Mask 183,Skin,PureSkin,Combination,1,1,0,0,,0,0,0,0,1,0,1,0,1,1258,3.9
184,PureSkin Oil 184,Skin,PureSkin,Combination,0,0,0,0,,0,0,0,0,1,1,1,1,1,1091,4.7
185,PureSkin Conditioner 185,Skin,PureSkin,Combination,1,0,0,0,,0,0,0,0,0,1,1,1,0,500,4.9
186,NatureGlow Shampoo 186,Skin,NatureGlow,Dry,0,1,1,0,,0,0,0,0,1,0,1,0,1,670,4.2
187,HairVital Moisturizer 187,Skin,HairVital,Normal,1,0,1,0,,0,0,0,0,0,1,1,1,0,617,3.5
188,NatureGlow Mask 188,Skin,NatureGlow,Normal,1,0,1,0,,0,0,0,0,1,1,1,0,0,523,4.0
189,PureSkin Conditioner 189,Skin,PureSkin,Oily,1,1,0,1,,0,0,0,0,1,1,0,0,0,1115,4.6
190,DermaCare Mask 190,Skin,DermaCare,Oily,1,0,0,1,,0,0,0,0,0,0,0,1,1,1325,4.6
191,HairVital Cleanser 191,Skin,HairVital,Normal,0,1,0,0,,0,0,0,0,1,1,0,1,0,560,3.4
192,PureSkin Serum 192,Skin,PureSkin,Oily,1,1,1,1,,0,0,0,0,1,1,0,1,0,686,4.7
193,HairVital Moisturizer 193,Skin,HairVital,Oily,1,1,1,1,,0,0,0,0,1,1,1,0,0,991,4.4
194,PureSkin Conditioner 194,Skin,PureSkin,Oily,1,0,1,1,,0,0,0,0,1,1,0,0,1,1418,3.4
195,HairVital Serum 195,Skin,HairVital,Oily,1,0,1,1,,0,0,0,0,1,0,0,0,0,209,4.7
196,HairVital Moisturizer 196,Skin,HairVital,Normal,1,1,0,1,,0,0,0,0,0,1,1,1,0,386,4.5
197,GlowPlus Mask 197,Skin,GlowPlus,Normal,1,1,1,0,,0,0,0,0,0,1,1,1,1,1460,3.2
198,DermaCare Cleanser 198,Skin,DermaCare,Normal,1,0,0,0,,0,0,0,0,1,0,1,1,1,461,3.9
199,PureSkin Conditioner 199,Skin,PureSkin,Dry,0,1,1,0,,0,0,0,0,1,0,0,0,1,1320,4.2
200,NatureGlow Mask 200,Skin,NatureGlow,Sensitive,1,1,1,1,,0,0,0,0,0,1,0,1,0,776,4.6
201,DermaCare Shampoo 201,Skin,DermaCare,Dry,0,1,0,0,,0,0,0,0,0,1,1,0,1,489,3.8
202,GlowPlus Shampoo 202,Skin,GlowPlus,Sensitive,0,1,1,1,,0,0,0,0,0,0,1,0,1,745,3.9
203,GlowPlus Oil 203,Skin,GlowPlus,Dry,1,1,0,1,,0,0,0,0,1,0,0,1,0,1092,3.9
204,HairVital Conditioner 204,Skin,HairVital,Normal,1,0,0,1,,0,0,0,0,0,0,0,0,1,516,3.8
205,DermaCare Serum 205,Skin,DermaCare,Normal,0,1,0,0,,0,0,0,0,0,0,1,0,1,918,4.0
206,GlowPlus Cleanser 206,Skin,GlowPlus,Sensitive,0,1,1,1,,0,0,0,0,1,1,0,0,1,946,4.2
207,DermaCare Serum 207,Skin,DermaCare,Dry,0,1,1,1,,0,0,0,0,1,0,1,1,0,1219,3.3
208,NatureGlow Moisturizer 208,Skin,NatureGlow,Normal,1,1,0,0,,0,0,0,0,0,1,0,0,0,286,3.4
209,GlowPlus Oil 209,Skin,GlowPlus,Oily,1,1,0,1,,0,0,0,0,0,0,0,1,0,1468,4.0
210,DermaCare Conditioner 210,Skin,DermaCare,Combination,1,0,0,1,,0,0,0,0,1,0,1,1,1,419,3.5
211,PureSkin Mask 211,Skin,PureSkin,Sensitive,1,1,1,0,,0,0,0,0,1,1,0,0,1,913,4.5
212,NatureGlow Mask 212,Skin,NatureGlow,Dry,1,1,1,1,,0,0,0,0,0,1,0,1,1,1460,3.7
213,NatureGlow Shampoo 213,Skin,NatureGlow,Normal,0,1,1,0,,0,0,0,0,1,1,1,0,1,1379,4.6
214,GlowPlus Shampoo 214,Skin,GlowPlus,Combination,1,1,1,1,,0,0,0,0,1,1,0,1,1,425,4.7
215,PureSkin Cleanser 215,Skin,PureSkin,Oily,1,0,1,1,,0,0,0,0,1,1,1,0,0,232,3.7
216,NatureGlow Conditioner 216,Skin,NatureGlow,Sensitive,0,1,1,0,,0,0,0,0,1,1,0,0,0,517,4.8
217,GlowPlus Conditioner 217,Skin,GlowPlus,Sensitive,1,1,1,1,,0,0,0,0,1,1,1,0,0,1216,4.1
218,PureSkin Shampoo 218,Skin,PureSkin,Oily,1,1,0,1,,0,0,0,0,0,0,0,0,1,297,3.7
219,PureSkin Mask 219,Skin,PureSkin,Sensitive,0,1,1,0,,0,0,0,0,0,1,0,1,1,1243,4.6
220,DermaCare Moisturizer 220,Skin,DermaCare,Normal,0,1,1,1,,0,0,0,0,0,1,1,1,0,496,3.3
221,DermaCare Cleanser 221,Skin,DermaCare,Normal,1,1,0,0,,0,0,0,0,1,1,1,1,0,827,4.8
222,GlowPlus Cleanser 222,Skin,GlowPlus,Oily,1,1,1,1,,0,0,0,0,1,1,1,0,0,854,3.4
223,GlowPlus Moisturizer 223,Skin,GlowPlus,Dry,1,1,1,0,,0,0,0,0,0,0,1,1,1,988,4.9
224,DermaCare Mask 224,Skin,DermaCare,Sensitive,0,0,1,0,,0,0,0,0,0,1,0,1,0,925,4.5
225,DermaCare Serum 225,Skin,DermaCare,Oily,1,0,0,1,,0,0,0,0,1,1,1,1,1,828,3.8
226,DermaCare Conditioner 226,Skin,DermaCare,Normal,1,1,0,1,,0,0,0,0,0,1,0,1,1,761,4.3
227,NatureGlow Moisturizer 227,Skin,NatureGlow,Oily,1,1,0,1,,0,0,0,0,1,1,1,0,1,876,4.5
228,PureSkin Mask 228,Skin,PureSkin,Dry,0,1,1,0,,0,0,0,0,1,0,1,1,0,363,4.0
229,HairVital Oil 229,Skin,HairVital,Normal,0,1,1,1,,0,0,0,0,0,1,1,1,1,952,3.2
230,HairVital Shampoo 230,Skin,HairVital,Sensitive,0,0,1,0,,0,0,0,0,0,0,0,0,0,575,4.6
231,PureSkin Serum 231,Skin,PureSkin,Oily,1,1,1,1,,0,0,0,0,1,0,0,0,0,662,3.5
232,HairVital Oil 232,Skin,HairVital,Combination,1,0,1,0,,0,0,0,0,1,0,0,0,1,951,4.8
233,DermaCare Mask 233,Skin,DermaCare,Sensitive,0,0,1,0,,0,0,0,0,1,0,1,1,1,386,5.0
234,HairVital Shampoo 234,Skin,HairVital,Normal,0,0,0,1,,0,0,0,0,0,1,1,0,0,1148,3.5
235,HairVital Cleanser 235,Skin,HairVital,Dry,1,1,0,0,,0,0,0,0,0,1,0,1,1,843,4.5
236,DermaCare Oil 236,Skin,DermaCare,Oily,1,1,0,1,,0,0,0,0,1,0,0,0,0,357,3.1
237,HairVital Cleanser 237,Skin,HairVital,Oily,1,0,1,1,,0,0,0,0,0,0,0,0,0,1439,3.9
238,PureSkin Serum 238,Skin,PureSkin,Combination,0,0,1,1,,0,0,0,0,1,1,0,1,1,905,3.0
239,HairVital Mask 239,Skin,HairVital,Sensitive,1,1,1,1,,0,0,0,0,1,1,0,0,1,1374,4.7
240,HairVital Moisturizer 240,Skin,HairVital,Sensitive,0,1,1,0,,0,0,0,0,1,1,0,0,0,1460,3.5
241,PureSkin Moisturizer 241,Skin,PureSkin,Normal,0,1,0,1,,0,0,0,0,0,1,1,0,1,207,3.5
242,GlowPlus Serum 242,Skin,GlowPlus,Combination,1,1,0,0,,0,0,0,0,1,0,0,0,1,783,4.9
243,PureSkin Moisturizer 243,Skin,PureSkin,Sensitive,1,1,1,1,,0,0,0,0,0,1,1,0,1,1312,4.6
244,DermaCare Mask 244,Skin,DermaCare,Normal,1,1,1,0,,0,0,0,0,0,0,0,1,1,1427,4.4
245,GlowPlus Moisturizer 245,Skin,GlowPlus,Dry,1,1,0,1,,0,0,0,0,1,1,1,1,0,1448,3.2
246,HairVital Oil 246,Skin,HairVital,Oily,1,0,0,1,,0,0,0,0,1,0,1,0,0,945,4.5
247,NatureGlow Conditioner 247,Skin,NatureGlow,Normal,1,1,1,1,,0,0,0,0,0,1,0,0,0,565,3.2
248,DermaCare Moisturizer 248,Skin,DermaCare,Oily,1,1,1,1,,0,0,0,0,1,0,1,0,1,685,3.6
249,PureSkin Serum 249,Skin,PureSkin,Oily,1,1,1,1,,0,0,0,0,1,1,0,1,1,454,4.6
250,NatureGlow Serum 250,Skin,NatureGlow,Combination,1,1,0,0,,0,0,0,0,0,0,0,0,0,858,3.8
251,NatureGlow Serum 251,Skin,NatureGlow,Sensitive,0,1,1,1,,0,0,0,0,0,0,0,1,1,1169,4.9
252,HairVital Conditioner 252,Skin,HairVital,Combination,0,1,1,1,,0,0,0,0,0,0,0,0,0,437,3.2
253,GlowPlus Shampoo 253,Skin,GlowPlus,Dry,1,1,0,1,,0,0,0,0,1,0,0,1,1,568,3.6
254,DermaCare Mask 254,Skin,DermaCare,Oily,1,1,1,1,,0,0,0,0,0,1,0,1,0,556,4.8
255,PureSkin Mask 255,Skin,PureSkin,Sensitive,0,1,1,1,,0,0,0,0,0,1,0,1,1,536,4.4
256,DermaCare Oil 256,Skin,DermaCare,Oily,1,0,0,1,,0,0,0,0,0,0,1,0,0,1114,3.0
257,HairVital Moisturizer 257,Skin,HairVital,Normal,1,1,0,0,,0,0,0,0,0,1,0,1,0,1187,3.8
258,PureSkin Moisturizer 258,Skin,PureSkin,Dry,1,1,0,1,,0,0,0,0,0,0,0,1,1,1307,4.5
259,DermaCare Mask 259,Skin,DermaCare,Dry,0,1,1,1,,0,0,0,0,0,0,1,0,1,467,4.7
260,HairVital Serum 260,Skin,HairVital,Combination,1,0,0,0,,0,0,0,0,1,1,0,1,1,1035,4.3
261,HairVital Shampoo 261,Skin,HairVital,Oily,1,1,1,1,,0,0,0,0,0,0,1,1,0,812,3.3
262,NatureGlow Moisturizer 262,Skin,NatureGlow,Dry,0,1,0,1,,0,0,0,0,0,1,1,0,1,1067,3.4
263,DermaCare Mask 263,Skin,DermaCare,Combination,0,1,0,0,,0,0,0,0,1,0,1,1,1,927,4.7
264,PureSkin Mask 264,Skin,PureSkin,Sensitive,0,0,1,1,,0,0,0,0,1,1,1,0,0,776,4.4
265,HairVital Cleanser 265,Skin,HairVital,Oily,1,0,0,1,,0,0,0,0,1,1,1,0,1,348,3.6
266,PureSkin Conditioner 266,Skin,PureSkin,Normal,1,0,1,0,,0,0,0,0,0,0,1,1,0,891,3.1
267,GlowPlus Cleanser 267,Skin,GlowPlus,Oily,1,0,0,1,,0,0,0,0,0,1,0,0,0,599,3.9
268,DermaCare Conditioner 268,Skin,DermaCare,Normal,1,1,1,0,,0,0,0,0,0,1,1,0,0,653,3.2
269,DermaCare Shampoo 269,Skin,DermaCare,Oily,1,0,1,1,,0,0,0,0,1,1,0,1,1,1051,4.2
270,HairVital Moisturizer 270,Skin,HairVital,Sensitive,1,0,1,1,,0,0,0,0,0,1,1,1,1,259,3.0
271,NatureGlow Conditioner 271,Skin,NatureGlow,Sensitive,1,1,1,1,,0,0,0,0,0,1,0,1,0,670,4.8
272,NatureGlow Mask 272,Skin,NatureGlow,Sensitive,1,0,1,0,,0,0,0,0,0,1,0,0,1,209,5.0
273,HairVital Serum 273,Skin,HairVital,Normal,1,0,0,0,,0,0,0,0,0,1,1,0,0,1277,3.9
274,HairVital Serum 274,Skin,HairVital,Sensitive,0,1,1,0,,0,0,0,0,1,0,1,0,1,619,3.6
275,DermaCare Serum 275,Skin,DermaCare,Combination,1,0,0,1,,0,0,0,0,1,0,1,1,1,825,5.0
276,DermaCare Moisturizer 276,Skin,DermaCare,Sensitive,1,1,1,1,,0,0,0,0,0,0,0,0,0,520,4.3
277,PureSkin Shampoo 277,Skin,PureSkin,Combination,0,0,0,1,,0,0,0,0,0,0,0,0,0,1230,3.7
278,PureSkin Oil 278,Skin,PureSkin,Dry,1,1,1,1,,0,0,0,0,0,0,1,1,1,506,3.7
279,NatureGlow Cleanser 279,Skin,NatureGlow,Sensitive,0,0,1,0,,0,0,0,0,1,1,0,1,0,438,4.5
280,GlowPlus Conditioner 280,Skin,GlowPlus,Sensitive,0,0,1,1,,0,0,0,0,0,0,1,1,1,829,4.2
281,DermaCare Cleanser 281,Skin,DermaCare,Normal,0,0,1,0,,0,0,0,0,1,1,0,0,0,756,4.0
282,DermaCare Mask 282,Skin,DermaCare,Sensitive,0,1,1,1,,0,0,0,0,0,0,0,0,0,717,3.2
283,NatureGlow Moisturizer 283,Skin,NatureGlow,Sensitive,0,1,1,0,,0,0,0,0,0,0,0,0,0,578,3.1
284,DermaCare Cleanser 284,Skin,DermaCare,Dry,1,1,1,0,,0,0,0,0,1,1,1,0,1,1051,3.1
285,PureSkin Oil 285,Skin,PureSkin,Combination,0,0,1,1,,0,0,0,0,0,0,0,0,0,255,4.9
286,PureSkin Moisturizer 286,Skin,PureSkin,Normal,1,0,1,1,,0,0,0,0,1,0,0,1,1,287,4.2
287,HairVital Moisturizer 287,Skin,HairVital,Normal,1,1,0,0,,0,0,0,0,1,0,0,1,0,1287,3.3
288,DermaCare Mask 288,Skin,DermaCare,Oily,1,0,1,1,,0,0,0,0,0,0,0,1,0,737,4.6
289,PureSkin Serum 289,Skin,PureSkin,Oily,1,1,0,1,,0,0,0,0,1,1,1,1,0,1482,3.6
290,DermaCare Cleanser 290,Skin,DermaCare,Sensitive,0,1,1,0,,0,0,0,0,0,0,0,0,0,387,3.7
291,PureSkin Cleanser 291,Skin,PureSkin,Dry,1,1,0,1,,0,0,0,0,0,1,1,1,0,1156,3.9
292,NatureGlow Serum 292,Skin,NatureGlow,Dry,0,1,0,1,,0,0,0,0,1,0,1,1,0,786,3.0
293,HairVital Conditioner 293,Skin,HairVital,Normal,0,1,0,1,,0,0,0,0,1,0,0,1,1,608,3.7
294,GlowPlus Mask 294,Skin,GlowPlus,Normal,0,1,1,0,,0,0,0,0,0,1,0,0,1,201,3.9
295,PureSkin Moisturizer 295,Skin,PureSkin,Dry,0,1,0,1,,0,0,0,0,0,0,0,1,0,655,4.7
296,HairVital Shampoo 296,Skin,HairVital,Normal,1,1,1,0,,0,0,0,0,0,0,1,1,1,784,3.8
297,NatureGlow Mask 297,Skin,NatureGlow,Sensitive,0,1,1,1,,0,0,0,0,0,0,1,0,0,1244,3.0
298,DermaCare Shampoo 298,Skin,DermaCare,Oily,1,0,1,1,,0,0,0,0,1,0,0,0,1,647,3.5
299,HairVital Serum 299,Skin,HairVital,Combination,1,0,1,0,,0,0,0,0,0,1,1,0,1,587,4.1
300,DermaCare Conditioner 300,Skin,DermaCare,Combination,0,0,0,0,,0,0,0,0,1,0,0,0,1,952,3.7
301,GlowPlus Moisturizer 301,Skin,GlowPlus,Oily,1,1,1,1,,0,0,0,0,0,0,0,0,0,591,3.9
302,DermaCare Conditioner 302,Skin,DermaCare,Sensitive,0,1,1,0,,0,0,0,0,1,1,0,1,1,569,4.8
303,HairVital Conditioner 303,Skin,HairVital,Normal,1,0,1,1,,0,0,0,0,1,1,0,1,0,930,3.3
304,GlowPlus Shampoo 304,Skin,GlowPlus,Normal,1,0,1,1,,0,0,0,0,1,1,1,1,0,861,4.4
305,NatureGlow Cleanser 305,Skin,NatureGlow,Dry,0,1,1,0,,0,0,0,0,0,1,1,0,1,1181,4.6
306,HairVital Moisturizer 306,Skin,HairVital,Normal,1,1,1,0,,0,0,0,0,1,0,0,1,1,835,3.4
307,HairVital Serum 307,Skin,HairVital,Normal,1,0,1,1,,0,0,0,0,1,1,1,1,0,567,4.7
308,GlowPlus Cleanser 308,Skin,GlowPlus,Dry,1,1,1,0,,0,0,0,0,1,0,0,0,1,1067,4.7
309,GlowPlus Conditioner 309,Skin,GlowPlus,Sensitive,0,1,1,1,,0,0,0,0,1,0,1,1,1,305,3.7
310,GlowPlus Serum 310,Skin,GlowPlus,Sensitive,1,0,1,0,,0,0,0,0,0,0,0,0,1,1321,4.4
311,HairVital Conditioner 311,Skin,HairVital,Sensitive,0,0,1,1,,0,0,0,0,1,1,1,0,1,287,4.9
312,HairVital Cleanser 312,Skin,HairVital,Sensitive,0,1,1,1,,0,0,0,0,0,1,0,1,1,450,3.7
313,HairVital Shampoo 313,Skin,HairVital,Oily,1,1,0,1,,0,0,0,0,1,0,0,0,0,239,4.2
314,GlowPlus Shampoo 314,Skin,GlowPlus,Sensitive,0,1,1,0,,0,0,0,0,0,0,0,0,0,685,4.7
315,HairVital Cleanser 315,Skin,HairVital,Combination,1,0,1,1,,0,0,0,0,0,0,1,1,1,1019,4.4
316,PureSkin Conditioner 316,Skin,PureSkin,Combination,0,1,0,0,,0,0,0,0,0,1,1,1,1,728,3.1
317,HairVital Moisturizer 317,Skin,HairVital,Dry,1,1,0,1,,0,0,0,0,0,0,1,0,1,271,4.5
318,DermaCare Oil 318,Skin,DermaCare,Combination,0,1,0,1,,0,0,0,0,1,1,1,0,0,781,3.3
319,PureSkin Shampoo 319,Skin,PureSkin,Dry,1,1,0,0,,0,0,0,0,1,0,1,0,0,903,4.4
320,HairVital Serum 320,Skin,HairVital,Normal,0,1,0,1,,0,0,0,0,0,1,1,1,0,214,3.1
321,DermaCare Oil 321,Skin,DermaCare,Dry,1,1,0,1,,0,0,0,0,1,0,1,0,0,409,4.0
322,NatureGlow Shampoo 322,Skin,NatureGlow,Normal,1,0,1,1,,0,0,0,0,0,1,0,0,1,1398,3.7
323,DermaCare Moisturizer 323,Skin,DermaCare,Normal,0,0,0,1,,0,0,0,0,1,0,0,1,1,812,4.1
324,PureSkin Oil 324,Skin,PureSkin,Normal,0,1,0,0,,0,0,0,0,1,0,1,0,1,519,3.5
325,GlowPlus Mask 325,Skin,GlowPlus,Sensitive,1,0,1,1,,0,0,0,0,1,0,1,1,0,826,3.9
326,HairVital Mask 326,Skin,HairVital,Sensitive,1,1,1,1,,0,0,0,0,1,0,1,1,1,1313,3.2
327,HairVital Moisturizer 327,Skin,HairVital,Sensitive,1,1,1,1,,0,0,0,0,0,1,0,0,1,1352,3.1
328,GlowPlus Serum 328,Skin,GlowPlus,Dry,1,1,1,1,,0,0,0,0,0,0,0,0,1,300,4.8
329,PureSkin Serum 329,Skin,PureSkin,Combination,1,1,0,0,,0,0,0,0,0,0,0,0,1,729,3.3
330,HairVital Cleanser 330,Skin,HairVital,Oily,1,0,1,1,,0,0,0,0,0,1,0,0,0,1163,4.9
331,NatureGlow Oil 331,Skin,NatureGlow,Dry,0,1,0,0,,0,0,0,0,1,1,1,1,0,1020,4.7
332,NatureGlow Mask 332,Skin,NatureGlow,Oily,1,1,1,1,,0,0,0,0,0,0,1,1,1,1241,4.9
333,NatureGlow Oil 333,Skin,NatureGlow,Combination,0,0,0,0,,0,0,0,0,0,0,0,1,1,477,3.3
334,NatureGlow Conditioner 334,Skin,NatureGlow,Sensitive,1,1,1,1,,0,0,0,0,1,1,0,0,1,1394,3.2
335,HairVital Mask 335,Skin,HairVital,Oily,1,0,0,1,,0,0,0,0,0,1,1,1,0,1436,4.0
336,GlowPlus Conditioner 336,Skin,GlowPlus,Combination,0,0,0,0,,0,0,0,0,1,1,1,0,0,560,4.0
337,HairVital Oil 337,Skin,HairVital,Sensitive,0,0,1,0,,0,0,0,0,1,1,1,0,0,941,4.2
338,DermaCare Shampoo 338,Skin,DermaCare,Normal,1,1,1,1,,0,0,0,0,0,1,0,1,1,593,3.6
339,DermaCare Cleanser 339,Skin,DermaCare,Combination,0,0,0,1,,0,0,0,0,0,1,1,1,1,675,4.9
340,DermaCare Serum 340,Skin,DermaCare,Combination,1,1,1,0,,0,0,0,0,1,0,1,0,1,1085,3.6
341,HairVital Shampoo 341,Skin,HairVital,Normal,1,0,1,1,,0,0,0,0,1,0,0,0,1,687,4.0
342,HairVital Moisturizer 342,Skin,HairVital,Combination,1,1,1,0,,0,0,0,0,0,0,0,0,0,618,4.1
343,DermaCare Cleanser 343,Skin,DermaCare,Normal,0,0,1,0,,0,0,0,0,0,0,1,0,1,1383,4.6
344,DermaCare Mask 344,Skin,DermaCare,Combination,1,0,1,1,,0,0,0,0,1,0,1,1,0,1137,3.6
345,HairVital Conditioner 345,Skin,HairVital,Combination,0,0,0,0,,0,0,0,0,1,1,0,0,1,619,3.6
346,NatureGlow Cleanser 346,Skin,NatureGlow,Sensitive,0,0,1,1,,0,0,0,0,1,1,1,1,1,485,3.1
347,GlowPlus Oil 347,Skin,GlowPlus,Sensitive,0,1,1,1,,0,0,0,0,1,1,0,0,0,1202,4.9
348,PureSkin Conditioner 348,Skin,PureSkin,Normal,1,1,1,1,,0,0,0,0,0,1,0,1,1,1210,3.7
349,NatureGlow Oil 349,Skin,NatureGlow,Dry,0,1,0,0,,0,0,0,0,0,0,1,0,1,1367,4.4
350,HairVital Cleanser 350,Skin,HairVital,Combination,0,0,1,1,,0,0,0,0,0,1,0,1,0,353,4.6
351,PureSkin Cleanser 351,Skin,PureSkin,Normal,1,0,1,1,,0,0,0,0,1,0,1,0,1,1039,3.9
352,DermaCare Shampoo 352,Skin,DermaCare,Sensitive,0,0,1,0,,0,0,0,0,1,0,0,1,0,956,4.8
353,NatureGlow Moisturizer 353,Skin,NatureGlow,Combination,0,0,1,1,,0,0,0,0,0,0,1,0,0,317,3.9
354,NatureGlow Shampoo 354,Skin,NatureGlow,Dry,0,1,0,0,,0,0,0,0,0,0,1,0,0,1003,3.8
355,NatureGlow Mask 355,Skin,NatureGlow,Oily,1,0,1,1,,0,0,0,0,1,0,1,1,1,1127,4.4
356,DermaCare Serum 356,Skin,DermaCare,Sensitive,1,1,1,0,,0,0,0,0,0,1,1,0,1,447,3.3
357,DermaCare Conditioner 357,Skin,DermaCare,Normal,1,0,1,1,,0,0,0,0,1,1,0,1,0,1057,4.3
358,NatureGlow Moisturizer 358,Skin,NatureGlow,Dry,1,1,1,1,,0,0,0,0,0,1,0,1,1,593,4.3
359,NatureGlow Cleanser 359,Skin,NatureGlow,Dry,0,1,0,1,,0,0,0,0,0,1,1,1,0,828,3.4
360,GlowPlus Mask 360,Skin,GlowPlus,Oily,1,1,0,1,,0,0,0,0,0,0,1,1,1,1241,3.0
361,PureSkin Conditioner 361,Skin,PureSkin,Combination,1,0,0,0,,0,0,0,0,0,1,1,1,1,1243,4.5
362,DermaCare Cleanser 362,Skin,DermaCare,Sensitive,0,0,1,1,,0,0,0,0,0,0,1,1,1,1117,4.1
363,DermaCare Moisturizer 363,Skin,DermaCare,Dry,1,1,0,1,,0,0,0,0,0,1,1,0,0,597,4.0
364,HairVital Serum 364,Skin,HairVital,Dry,1,1,1,1,,0,0,0,0,0,0,0,1,1,1436,4.6
365,PureSkin Conditioner 365,Skin,PureSkin,Normal,0,0,1,0,,0,0,0,0,0,0,1,1,1,640,3.3
366,PureSkin Moisturizer 366,Skin,PureSkin,Oily,1,0,1,1,,0,0,0,0,0,1,0,0,1,913,3.7
367,HairVital Conditioner 367,Skin,HairVital,Combination,1,1,0,0,,0,0,0,0,1,0,1,0,1,662,4.0
368,GlowPlus Oil 368,Skin,GlowPlus,Dry,1,1,1,1,,0,0,0,0,1,0,1,0,1,1420,4.9
369,GlowPlus Shampoo 369,Skin,GlowPlus,Sensitive,1,1,1,1,,0,0,0,0,0,0,0,1,1,1290,4.6
370,HairVital Mask 370,Skin,HairVital,Normal,0,1,1,0,,0,0,0,0,0,1,1,0,1,602,3.3
371,NatureGlow Conditioner 371,Skin,NatureGlow,Oily,1,0,0,1,,0,0,0,0,1,1,0,0,1,1340,4.5
372,NatureGlow Cleanser 372,Skin,NatureGlow,Oily,1,1,0,1,,0,0,0,0,0,0,1,0,0,1422,3.8
373,PureSkin Mask 373,Skin,PureSkin,Sensitive,1,1,1,1,,0,0,0,0,0,0,1,1,0,1275,4.7
374,HairVital Cleanser 374,Skin,HairVital,Combination,1,1,1,0,,0,0,0,0,0,0,1,0,0,1092,3.9
375,DermaCare Shampoo 375,Skin,DermaCare,Sensitive,0,1,1,0,,0,0,0,0,1,1,1,0,1,360,4.1
376,HairVital Serum 376,Skin,HairVital,Oily,1,1,0,1,,0,0,0,0,0,1,0,1,1,435,4.2
377,HairVital Moisturizer 377,Skin,HairVital,Combination,1,0,1,0,,0,0,0,0,0,0,0,0,1,396,3.5
378,PureSkin Mask 378,Skin,PureSkin,Sensitive,1,1,1,0,,0,0,0,0,0,0,0,1,1,1028,4.8
379,GlowPlus Moisturizer 379,Skin,GlowPlus,Dry,0,1,0,1,,0,0,0,0,0,1,1,0,0,232,4.5
380,PureSkin Cleanser 380,Skin,PureSkin,Oily,1,1,0,1,,0,0,0,0,1,0,0,1,1,412,3.7
381,HairVital Mask 381,Skin,HairVital,Oily,1,0,0,1,,0,0,0,0,1,0,1,1,0,579,3.2
382,GlowPlus Oil 382,Skin,GlowPlus,Combination,1,0,0,0,,0,0,0,0,0,0,1,0,1,1476,3.4
383,PureSkin Conditioner 383,Skin,PureSkin,Dry,1,1,0,0,,0,0,0,0,0,1,1,0,1,564,3.5
384,DermaCare Conditioner 384,Skin,DermaCare,Oily,1,1,0,1,,0,0,0,0,0,0,0,0,0,1075,3.3
385,GlowPlus Shampoo 385,Skin,GlowPlus,Oily,1,1,0,1,,0,0,0,0,1,1,1,1,1,1052,3.6
386,HairVital Mask 386,Skin,HairVital,Normal,0,1,1,0,,0,0,0,0,0,1,1,0,1,380,4.0
387,HairVital Oil 387,Skin,HairVital,Dry,1,1,0,1,,0,0,0,0,1,0,0,0,1,396,3.7
388,HairVital Mask 388,Skin,HairVital,Oily,1,1,1,1,,0,0,0,0,0,0,1,1,1,875,4.4
389,PureSkin Oil 389,Skin,PureSkin,Combination,1,0,1,1,,0,0,0,0,0,0,1,1,0,1121,4.3
390,DermaCare Cleanser 390,Skin,DermaCare,Oily,1,0,0,1,,0,0,0,0,1,1,1,0,1,1082,4.9
391,DermaCare Shampoo 391,Skin,DermaCare,Sensitive,1,0,1,1,,0,0,0,0,0,0,0,0,1,1382,3.1
392,NatureGlow Shampoo 392,Skin,NatureGlow,Combination,1,1,0,1,,0,0,0,0,0,1,0,1,0,1285,3.0
393,PureSkin Conditioner 393,Skin,PureSkin,Combination,0,1,1,1,,0,0,0,0,0,0,0,1,0,678,4.6
394,GlowPlus Serum 394,Skin,GlowPlus,Combination,0,1,1,0,,0,0,0,0,0,1,0,1,0,534,3.0
395,NatureGlow Serum 395,Skin,NatureGlow,Dry,1,1,1,0,,0,0,0,0,0,1,1,0,0,245,4.6
396,NatureGlow Cleanser 396,Skin,NatureGlow,Dry,0,1,1,1,,0,0,0,0,0,0,1,0,0,921,4.0
397,NatureGlow Serum 397,Skin,NatureGlow,Dry,1,1,1,1,,0,0,0,0,0,1,1,0,0,1373,4.3
398,DermaCare Oil 398,Skin,DermaCare,Oily,1,0,0,1,,0,0,0,0,0,0,1,0,1,1331,4.1
399,NatureGlow Moisturizer 399,Skin,NatureGlow,Sensitive,0,0,1,1,,0,0,0,0,0,1,0,1,0,1119,3.5
400,NatureGlow Shampoo 400,Skin,NatureGlow,Dry,0,1,1,0,,0,0,0,0,0,1,0,1,1,786,3.3
401,DermaCare Mask 401,Skin,DermaCare,Normal,1,0,0,0,,0,0,0,0,0,1,0,0,0,842,5.0
402,PureSkin Moisturizer 402,Skin,PureSkin,Combination,1,0,1,0,,0,0,0,0,1,1,0,0,0,1330,4.2
403,PureSkin Conditioner 403,Skin,PureSkin,Sensitive,0,1,1,1,,0,0,0,0,1,0,1,1,0,1215,4.0
404,HairVital Mask 404,Skin,HairVital,Dry,0,1,1,0,,0,0,0,0,1,0,0,1,1,1183,4.5
405,GlowPlus Cleanser 405,Skin,GlowPlus,Sensitive,1,0,1,1,,0,0,0,0,0,0,1,1,1,676,3.7
406,NatureGlow Cleanser 406,Skin,NatureGlow,Sensitive,1,0,1,1,,0,0,0,0,1,0,0,1,1,1037,3.7
407,NatureGlow Oil 407,Skin,NatureGlow,Dry,0,1,0,0,,0,0,0,0,1,1,1,1,1,1347,3.8
408,HairVital Shampoo 408,Skin,HairVital,Oily,1,0,0,1,,0,0,0,0,1,0,0,0,1,261,3.0
409,GlowPlus Oil 409,Skin,GlowPlus,Sensitive,1,0,1,1,,0,0,0,0,1,0,0,1,0,769,4.4
410,DermaCare Conditioner 410,Skin,DermaCare,Normal,1,0,1,1,,0,0,0,0,1,0,1,0,0,1169,3.8
411,DermaCare Conditioner 411,Skin,DermaCare,Dry,0,1,0,1,,0,0,0,0,1,1,1,0,0,964,4.5
412,PureSkin Conditioner 412,Skin,PureSkin,Oily,1,0,0,1,,0,0,0,0,1,1,1,0,0,1248,4.7
413,HairVital Oil 413,Skin,HairVital,Normal,0,1,1,0,,0,0,0,0,1,1,0,0,0,720,4.1
414,HairVital Conditioner 414,Skin,HairVital,Dry,1,1,1,1,,0,0,0,0,1,1,1,1,0,854,3.8
415,NatureGlow Shampoo 415,Skin,NatureGlow,Dry,1,1,1,0,,0,0,0,0,1,1,0,0,1,1077,3.5
416,GlowPlus Serum 416,Skin,GlowPlus,Normal,1,0,0,0,,0,0,0,0,1,1,0,1,0,999,4.1
417,HairVital Oil 417,Skin,HairVital,Sensitive,0,0,1,1,,0,0,0,0,1,0,0,0,0,1136,3.9
418,DermaCare Oil 418,Skin,DermaCare,Normal,1,0,1,1,,0,0,0,0,1,0,0,0,1,448,3.8
419,NatureGlow Cleanser 419,Skin,NatureGlow,Combination,0,1,0,0,,0,0,0,0,1,0,1,0,0,1138,4.5
420,HairVital Oil 420,Skin,HairVital,Oily,1,0,1,1,,0,0,0,0,1,1,0,1,1,1090,3.4
421,NatureGlow Shampoo 421,Skin,NatureGlow,Oily,1,0,0,1,,0,0,0,0,1,0,1,1,1,493,3.2
422,HairVital Moisturizer 422,Skin,HairVital,Combination,0,0,0,0,,0,0,0,0,0,1,1,0,0,253,3.2
423,GlowPlus Shampoo 423,Skin,GlowPlus,Oily,1,1,0,1,,0,0,0,0,0,0,0,0,1,293,4.0
424,DermaCare Oil 424,Skin,DermaCare,Sensitive,0,1,1,0,,0,0,0,0,0,1,1,1,1,521,4.7
425,PureSkin Moisturizer 425,Skin,PureSkin,Combination,0,1,1,0,,0,0,0,0,0,1,1,1,0,465,3.6
426,DermaCare Mask 426,Skin,DermaCare,Dry,0,1,0,1,,0,0,0,0,0,0,1,1,1,675,3.8
427,PureSkin Cleanser 427,Skin,PureSkin,Sensitive,0,1,1,0,,0,0,0,0,1,0,0,0,0,1270,4.7
428,PureSkin Moisturizer 428,Skin,PureSkin,Normal,0,0,0,0,,0,0,0,0,0,0,1,1,1,400,3.1
429,NatureGlow Mask 429,Skin,NatureGlow,Oily,1,1,0,1,,0,0,0,0,0,0,0,0,0,385,4.5
430,GlowPlus Serum 430,Skin,GlowPlus,Oily,1,0,0,1,,0,0,0,0,0,1,1,1,1,1421,4.4
431,HairVital Moisturizer 431,Skin,HairVital,Dry,1,1,1,1,,0,0,0,0,1,0,1,0,0,551,4.9
432,NatureGlow Mask 432,Skin,NatureGlow,Normal,0,1,0,0,,0,0,0,0,0,0,0,0,1,1400,3.8
433,NatureGlow Conditioner 433,Skin,NatureGlow,Combination,0,1,1,0,,0,0,0,0,0,0,1,0,1,1121,4.0
434,GlowPlus Shampoo 434,Skin,GlowPlus,Combination,1,0,1,0,,0,0,0,0,0,0,0,1,1,954,4.3
435,PureSkin Mask 435,Skin,PureSkin,Dry,1,1,0,0,,0,0,0,0,1,0,1,1,0,678,3.6
436,NatureGlow Cleanser 436,Skin,NatureGlow,Sensitive,1,1,1,0,,0,0,0,0,1,0,0,0,0,1395,4.1
437,DermaCare Shampoo 437,Skin,DermaCare,Sensitive,0,1,1,0,,0,0,0,0,1,1,0,1,1,1109,5.0
438,HairVital Serum 438,Skin,HairVital,Sensitive,1,0,1,0,,0,0,0,0,0,0,1,0,1,403,4.8
439,NatureGlow Conditioner 439,Skin,NatureGlow,Combination,1,0,0,1,,0,0,0,0,0,1,1,0,1,235,4.7
440,NatureGlow Oil 440,Skin,NatureGlow,Normal,0,1,1,1,,0,0,0,0,0,0,1,1,0,1274,3.2
441,HairVital Oil 441,Skin,HairVital,Normal,0,0,1,0,,0,0,0,0,1,0,0,0,0,1492,4.4
442,DermaCare Cleanser 442,Skin,DermaCare,Combination,1,0,1,0,,0,0,0,0,1,0,0,1,1,283,3.5
443,PureSkin Cleanser 443,Skin,PureSkin,Dry,1,1,1,0,,0,0,0,0,1,0,0,0,0,621,3.5
444,GlowPlus Conditioner 444,Skin,GlowPlus,Combination,0,1,0,0,,0,0,0,0,0,1,0,1,0,1162,3.2
445,DermaCare Conditioner 445,Skin,DermaCare,Sensitive,0,0,1,0,,0,0,0,0,1,1,1,0,1,594,4.8
446,DermaCare Shampoo 446,Skin,DermaCare,Dry,0,1,0,0,,0,0,0,0,0,1,1,0,1,421,4.8
447,GlowPlus Mask 447,Skin,GlowPlus,Sensitive,1,0,1,0,,0,0,0,0,1,0,1,0,1,448,3.1
448,DermaCare Conditioner 448,Skin,DermaCare,Oily,1,0,0,1,,0,0,0,0,0,1,0,0,1,644,4.7
449,PureSkin Moisturizer 449,Skin,PureSkin,Oily,1,1,0,1,,0,0,0,0,1,1,0,1,1,575,4.4
450,GlowPlus Cleanser 450,Skin,GlowPlus,Sensitive,0,1,1,0,,0,0,0,0,1,0,1,0,0,1394,4.2
451,NatureGlow Serum 451,Skin,NatureGlow,Sensitive,1,0,1,0,,0,0,0,0,1,0,0,1,0,1469,3.5
452,PureSkin Oil 452,Skin,PureSkin,Combination,0,1,0,1,,0,0,0,0,1,1,0,0,1,250,4.0
453,HairVital Conditioner 453,Skin,HairVital,Normal,0,1,1,1,,0,0,0,0,0,0,1,1,0,629,4.0
454,PureSkin Moisturizer 454,Skin,PureSkin,Dry,1,1,0,1,,0,0,0,0,0,0,0,0,0,1248,3.7
455,DermaCare Oil 455,Skin,DermaCare,Dry,0,1,0,0,,0,0,0,0,1,1,1,0,0,471,4.8
456,HairVital Serum 456,Skin,HairVital,Oily,1,1,0,1,,0,0,0,0,1,0,1,0,1,235,4.8
457,PureSkin Conditioner 457,Skin,PureSkin,Dry,1,1,0,0,,0,0,0,0,0,0,0,1,1,1283,3.7
458,DermaCare Conditioner 458,Skin,DermaCare,Sensitive,0,0,1,1,,0,0,0,0,1,1,1,0,0,1352,3.1
459,PureSkin Conditioner 459,Skin,PureSkin,Oily,1,1,1,1,,0,0,0,0,1,1,1,1,1,1182,3.3
460,HairVital Oil 460,Skin,HairVital,Sensitive,0,1,1,1,,0,0,0,0,1,0,0,1,0,584,3.5
461,HairVital Conditioner 461,Skin,HairVital,Dry,1,1,1,0,,0,0,0,0,1,0,1,1,1,1097,3.6
462,DermaCare Cleanser 462,Skin,DermaCare,Normal,1,0,1,1,,0,0,0,0,0,0,0,0,1,1087,3.6
463,NatureGlow Mask 463,Skin,NatureGlow,Oily,1,1,1,1,,0,0,0,0,0,0,0,1,0,1161,3.5
464,HairVital Shampoo 464,Skin,HairVital,Combination,0,0,1,0,,0,0,0,0,1,1,0,0,1,1096,3.6
465,HairVital Moisturizer 465,Skin,HairVital,Normal,0,0,0,0,,0,0,0,0,0,1,1,1,1,1495,4.8
466,NatureGlow Shampoo 466,Skin,NatureGlow,Sensitive,0,0,1,0,,0,0,0,0,0,1,0,0,0,683,4.4
467,PureSkin Moisturizer 467,Skin,PureSkin,Oily,1,1,1,1,,0,0,0,0,1,0,0,0,0,445,3.9
468,PureSkin Conditioner 468,Skin,PureSkin,Sensitive,0,0,1,0,,0,0,0,0,0,1,1,0,0,797,3.6
469,HairVital Serum 469,Skin,HairVital,Dry,1,1,1,0,,0,0,0,0,0,1,1,0,1,395,3.2
470,NatureGlow Conditioner 470,Skin,NatureGlow,Sensitive,0,0,1,1,,0,0,0,0,1,0,1,0,1,1086,4.9
471,NatureGlow Oil 471,Skin,NatureGlow,Dry,0,1,0,0,,0,0,0,0,1,1,0,1,0,633,4.2
472,HairVital Mask 472,Skin,HairVital,Oily,1,1,1,1,,0,0,0,0,0,1,0,1,0,873,3.5
473,GlowPlus Shampoo 473,Skin,GlowPlus,Combination,0,0,0,1,,0,0,0,0,1,1,1,0,1,807,5.0
474,HairVital Oil 474,Skin,HairVital,Dry,1,1,1,0,,0,0,0,0,0,1,1,1,1,372,3.3
475,GlowPlus Oil 475,Skin,GlowPlus,Normal,0,1,0,1,,0,0,0,0,1,0,1,0,1,1375,4.5
476,NatureGlow Serum 476,Skin,NatureGlow,Dry,1,1,0,0,,0,0,0,0,0,0,1,1,0,372,3.0
477,PureSkin Mask 477,Skin,PureSkin,Combination,1,1,0,1,,0,0,0,0,1,0,1,1,1,877,3.4
478,HairVital Serum 478,Skin,HairVital,Combination,0,1,1,1,,0,0,0,0,0,0,0,1,0,306,4.1
479,NatureGlow Mask 479,Skin,NatureGlow,Oily,1,0,1,1,,0,0,0,0,0,0,1,1,1,1216,4.0
480,HairVital Oil 480,Skin,HairVital,Dry,0,1,1,0,,0,0,0,0,0,0,0,0,1,740,3.3
481,PureSkin Cleanser 481,Skin,PureSkin,Oily,1,0,0,1,,0,0,0,0,1,0,1,0,1,522,3.7
482,HairVital Conditioner 482,Skin,HairVital,Oily,1,0,1,1,,0,0,0,0,1,1,0,1,0,379,4.4
483,NatureGlow Moisturizer 483,Skin,NatureGlow,Sensitive,1,0,1,1,,0,0,0,0,1,0,0,1,0,1418,4.5
484,HairVital Mask 484,Skin,HairVital,Sensitive,0,0,1,0,,0,0,0,0,0,1,0,1,1,1412,4.6
485,NatureGlow Shampoo 485,Skin,NatureGlow,Dry,0,1,0,1,,0,0,0,0,0,0,0,0,0,1315,4.2
486,DermaCare Shampoo 486,Skin,DermaCare,Sensitive,0,0,1,1,,0,0,0,0,1,1,1,1,0,1376,3.6
487,GlowPlus Serum 487,Skin,GlowPlus,Oily,1,0,0,1,,0,0,0,0,0,0,0,1,0,547,4.2
488,NatureGlow Moisturizer 488,Skin,NatureGlow,Normal,0,1,1,1,,0,0,0,0,1,1,0,0,0,1031,4.3
489,DermaCare Cleanser 489,Skin,DermaCare,Dry,0,1,0,1,,0,0,0,0,0,0,0,0,0,1166,3.1
490,DermaCare Oil 490,Skin,DermaCare,Oily,1,0,1,1,,0,0,0,0,0,0,1,0,1,269,4.0
491,DermaCare Shampoo 491,Skin,DermaCare,Normal,0,0,1,0,,0,0,0,0,1,1,0,1,0,1189,4.8
492,PureSkin Mask 492,Skin,PureSkin,Oily,1,1,1,1,,0,0,0,0,1,1,1,0,0,425,3.7
493,DermaCare Mask 493,Skin,DermaCare,Sensitive,1,1,1,0,,0,0,0,0,1,1,0,0,0,1084,4.7
494,GlowPlus Shampoo 494,Skin,GlowPlus,Sensitive,1,1,1,0,,0,0,0,0,1,0,1,1,0,1076,4.1
495,DermaCare Moisturizer 495,Skin,DermaCare,Oily,1,0,1,1,,0,0,0,0,1,0,0,0,0,383,3.7
496,PureSkin Shampoo 496,Skin,PureSkin,Dry,0,1,0,0,,0,0,0,0,1,1,1,0,1,432,3.3
497,NatureGlow Shampoo 497,Skin,NatureGlow,Oily,1,0,0,1,,0,0,0,0,1,0,1,1,1,553,4.9
498,DermaCare Shampoo 498,Skin,DermaCare,Dry,1,1,0,0,,0,0,0,0,1,1,0,1,0,952,3.3
499,GlowPlus Cleanser 499,Skin,GlowPlus,Normal,0,0,1,1,,0,0,0,0,1,1,0,0,0,809,3.1
500,DermaCare Moisturizer 500,Skin,DermaCare,Combination,0,0,0,0,,0,0,0,0,0,0,1,0,0,872,4.5
501,PureSkin Serum 501,Hair,PureSkin,,0,0,0,0,Normal,0,0,1,1,1,1,1,0,0,1444,3.5
502,DermaCare Shampoo 502,Hair,DermaCare,,0,0,0,0,Damaged,0,1,1,1,0,1,0,0,1,217,3.9
503,NatureGlow Conditioner 503,Hair,NatureGlow,,0,0,0,0,Dry,0,1,1,1,0,1,0,1,1,1423,3.6
504,DermaCare Shampoo 504,Hair,DermaCare,,0,0,0,0,Dry,0,1,1,1,1,1,1,1,1,343,4.4
505,HairVital Mask 505,Hair,HairVital,,0,0,0,0,Oily,1,1,0,1,1,1,1,1,1,774,3.2
506,PureSkin Shampoo 506,Hair,PureSkin,,0,0,0,0,Dry,1,1,1,1,1,0,0,0,1,1252,4.2
507,PureSkin Shampoo 507,Hair,PureSkin,,0,0,0,0,Oily,1,1,0,0,1,0,0,1,0,1311,3.8
508,GlowPlus Mask 508,Hair,GlowPlus,,0,0,0,0,Oily,1,0,0,1,1,0,1,1,1,938,3.9
509,DermaCare Serum 509,Hair,DermaCare,,0,0,0,0,Normal,0,0,0,1,1,0,0,1,0,318,3.1
510,GlowPlus Cleanser 510,Hair,GlowPlus,,0,0,0,0,Dry,0,1,1,0,0,1,0,0,0,1430,3.4
511,NatureGlow Mask 511,Hair,NatureGlow,,0,0,0,0,Damaged,1,1,0,0,0,0,1,0,1,368,4.4
512,NatureGlow Serum 512,Hair,NatureGlow,,0,0,0,0,Oily,1,0,0,1,1,0,1,1,0,568,5.0
513,NatureGlow Mask 513,Hair,NatureGlow,,0,0,0,0,Damaged,1,1,0,0,1,1,1,0,0,1134,4.0
514,DermaCare Oil 514,Hair,DermaCare,,0,0,0,0,Damaged,1,1,0,0,1,0,1,1,1,930,4.3
515,DermaCare Mask 515,Hair,DermaCare,,0,0,0,0,Damaged,1,1,1,0,1,1,1,1,1,988,3.4
516,HairVital Cleanser 516,Hair,HairVital,,0,0,0,0,Normal,1,1,1,0,1,0,0,1,0,1283,3.4
517,GlowPlus Cleanser 517,Hair,GlowPlus,,0,0,0,0,Damaged,0,1,0,1,0,0,0,1,0,1005,4.3
518,DermaCare Shampoo 518,Hair,DermaCare,,0,0,0,0,Dry,0,1,1,0,0,0,0,0,0,660,3.2
519,PureSkin Cleanser 519,Hair,PureSkin,,0,0,0,0,Dry,1,0,1,1,0,0,1,1,1,1012,3.8
520,HairVital Serum 520,Hair,HairVital,,0,0,0,0,Oily,1,0,0,0,0,1,0,0,1,1462,4.8
521,NatureGlow Oil 521,Hair,NatureGlow,,0,0,0,0,Dry,1,1,1,1,0,0,0,1,0,1188,3.8
522,PureSkin Mask 522,Hair,PureSkin,,0,0,0,0,Oily,1,1,0,0,0,1,0,1,0,481,3.8
523,DermaCare Oil 523,Hair,DermaCare,,0,0,0,0,Oily,1,0,0,1,0,0,1,1,0,933,4.6
524,HairVital Serum 524,Hair,HairVital,,0,0,0,0,Oily,1,0,0,0,0,0,0,1,0,1108,5.0
525,HairVital Moisturizer 525,Hair,HairVital,,0,0,0,0,Normal,1,0,0,1,1,1,0,1,0,864,3.3
526,HairVital Shampoo 526,Hair,HairVital,,0,0,0,0,Dry,1,0,1,0,1,0,1,1,0,464,3.1
527,GlowPlus Shampoo 527,Hair,GlowPlus,,0,0,0,0,Oily,1,0,1,0,0,1,0,0,1,1137,4.0
528,DermaCare Serum 528,Hair,DermaCare,,0,0,0,0,Oily,1,1,1,0,0,0,1,0,0,1132,4.0
529,HairVital Mask 529,Hair,HairVital,,0,0,0,0,Dry,0,1,1,0,0,0,1,1,1,675,4.4
530,PureSkin Shampoo 530,Hair,PureSkin,,0,0,0,0,Oily,1,1,0,1,1,0,1,0,1,937,3.8
531,DermaCare Cleanser 531,Hair,DermaCare,,0,0,0,0,Oily,1,1,0,0,1,0,1,0,1,405,4.2
532,NatureGlow Conditioner 532,Hair,NatureGlow,,0,0,0,0,Damaged,0,1,0,1,1,1,1,1,1,750,4.9
533,HairVital Cleanser 533,Hair,HairVital,,0,0,0,0,Normal,1,0,0,0,0,1,1,0,1,235,4.1
534,DermaCare Oil 534,Hair,DermaCare,,0,0,0,0,Oily,1,0,0,0,1,1,0,0,0,1446,3.7
535,DermaCare Moisturizer 535,Hair,DermaCare,,0,0,0,0,Normal,0,1,1,0,0,0,1,1,0,1105,3.2
536,DermaCare Conditioner 536,Hair,DermaCare,,0,0,0,0,Oily,1,0,0,1,1,1,1,0,0,1489,3.5
537,NatureGlow Cleanser 537,Hair,NatureGlow,,0,0,0,0,Damaged,1,1,0,0,1,1,1,0,1,290,4.6
538,PureSkin Oil 538,Hair,PureSkin,,0,0,0,0,Damaged,0,1,1,0,0,0,1,1,1,1206,3.9
539,DermaCare Moisturizer 539,Hair,DermaCare,,0,0,0,0,Normal,0,1,1,0,1,1,1,0,0,393,4.9
540,NatureGlow Mask 540,Hair,NatureGlow,,0,0,0,0,Dry,1,1,1,1,1,1,0,1,0,896,3.9
541,HairVital Moisturizer 541,Hair,HairVital,,0,0,0,0,Damaged,0,1,0,1,1,0,0,1,1,1494,3.8
542,HairVital Moisturizer 542,Hair,HairVital,,0,0,0,0,Oily,1,0,1,1,1,1,0,0,1,250,3.4
543,HairVital Oil 543,Hair,HairVital,,0,0,0,0,Damaged,1,1,0,1,1,1,1,1,1,1257,4.6
544,DermaCare Shampoo 544,Hair,DermaCare,,0,0,0,0,Oily,1,0,1,0,0,1,1,1,0,1170,4.6
545,PureSkin Conditioner 545,Hair,PureSkin,,0,0,0,0,Normal,0,1,1,0,0,1,1,1,0,1061,3.1
546,GlowPlus Mask 546,Hair,GlowPlus,,0,0,0,0,Oily,1,1,1,1,1,1,1,0,0,379,4.7
547,GlowPlus Cleanser 547,Hair,GlowPlus,,0,0,0,0,Dry,1,0,1,1,1,1,0,0,1,1185,4.1
548,DermaCare Oil 548,Hair,DermaCare,,0,0,0,0,Damaged,0,1,0,0,1,0,1,0,0,434,3.9
549,GlowPlus Moisturizer 549,Hair,GlowPlus,,0,0,0,0,Dry,1,0,1,1,1,1,0,1,0,840,4.6
550,GlowPlus Oil 550,Hair,GlowPlus,,0,0,0,0,Normal,1,0,1,0,1,0,1,0,1,436,4.5
551,NatureGlow Mask 551,Hair,NatureGlow,,0,0,0,0,Normal,0,1,0,1,0,1,0,1,1,490,3.6
552,DermaCare Moisturizer 552,Hair,DermaCare,,0,0,0,0,Oily,1,1,0,0,1,0,0,1,0,452,4.4
553,NatureGlow Conditioner 553,Hair,NatureGlow,,0,0,0,0,Normal,0,0,1,1,0,1,1,0,1,935,4.0
554,DermaCare Cleanser 554,Hair,DermaCare,,0,0,0,0,Oily,1,0,1,0,1,0,1,0,1,226,3.3
555,DermaCare Serum 555,Hair,DermaCare,,0,0,0,0,Damaged,0,1,0,1,0,1,0,0,0,749,3.5
556,DermaCare Shampoo 556,Hair,DermaCare,,0,0,0,0,Oily,1,0,1,0,0,1,1,0,1,778,3.4
557,PureSkin Shampoo 557,Hair,PureSkin,,0,0,0,0,Dry,0,1,1,0,0,1,1,1,1,307,4.0
558,GlowPlus Oil 558,Hair,GlowPlus,,0,0,0,0,Oily,1,0,1,1,0,1,1,0,0,264,4.7
559,NatureGlow Conditioner 559,Hair,NatureGlow,,0,0,0,0,Damaged,1,1,1,0,0,1,0,1,1,809,4.0
560,HairVital Cleanser 560,Hair,HairVital,,0,0,0,0,Damaged,1,1,1,1,1,1,0,1,1,266,3.8
561,HairVital Conditioner 561,Hair,HairVital,,0,0,0,0,Dry,0,1,1,0,0,1,0,1,1,1313,4.7
562,HairVital Cleanser 562,Hair,HairVital,,0,0,0,0,Damaged,1,1,0,1,0,0,0,1,1,759,4.2
563,HairVital Conditioner 563,Hair,HairVital,,0,0,0,0,Normal,0,1,0,0,1,0,0,1,0,279,4.7
564,DermaCare Serum 564,Hair,DermaCare,,0,0,0,0,Dry,0,1,1,1,1,0,1,0,1,1212,4.2
565,HairVital Conditioner 565,Hair,HairVital,,0,0,0,0,Oily,1,0,0,0,1,1,1,1,1,763,3.7
566,DermaCare Serum 566,Hair,DermaCare,,0,0,0,0,Normal,0,0,0,0,0,0,1,1,0,594,3.9
567,PureSkin Mask 567,Hair,PureSkin,,0,0,0,0,Dry,1,0,1,0,0,0,0,1,0,1195,4.1
568,GlowPlus Shampoo 568,Hair,GlowPlus,,0,0,0,0,Oily,1,1,1,0,0,0,0,1,1,847,3.9
569,NatureGlow Mask 569,Hair,NatureGlow,,0,0,0,0,Oily,1,0,0,1,0,1,0,1,1,225,3.8
570,HairVital Shampoo 570,Hair,HairVital,,0,0,0,0,Dry,1,1,1,0,0,1,1,1,0,789,4.3
571,GlowPlus Oil 571,Hair,GlowPlus,,0,0,0,0,Oily,1,1,0,1,1,0,1,1,1,953,4.9
572,PureSkin Cleanser 572,Hair,PureSkin,,0,0,0,0,Damaged,0,1,0,0,1,1,1,1,1,546,5.0
573,GlowPlus Serum 573,Hair,GlowPlus,,0,0,0,0,Normal,1,0,0,1,1,0,1,1,1,446,3.9
574,HairVital Oil 574,Hair,HairVital,,0,0,0,0,Dry,1,1,1,0,0,1,1,1,0,710,3.3
575,GlowPlus Conditioner 575,Hair,GlowPlus,,0,0,0,0,Oily,1,1,0,0,0,1,1,1,0,692,3.3
576,NatureGlow Cleanser 576,Hair,NatureGlow,,0,0,0,0,Dry,0,1,1,0,1,0,1,1,1,330,4.1
577,HairVital Moisturizer 577,Hair,HairVital,,0,0,0,0,Damaged,1,1,1,0,0,0,1,0,1,1447,4.4
578,NatureGlow Shampoo 578,Hair,NatureGlow,,0,0,0,0,Damaged,1,1,1,1,1,1,1,0,0,508,3.5
579,NatureGlow Oil 579,Hair,NatureGlow,,0,0,0,0,Damaged,1,1,0,0,1,0,0,0,1,1301,4.2
580,GlowPlus Serum 580,Hair,GlowPlus,,0,0,0,0,Dry,1,0,1,1,1,1,1,1,0,1376,3.3
581,NatureGlow Moisturizer 581,Hair,NatureGlow,,0,0,0,0,Dry,1,0,1,0,1,0,1,1,1,960,4.7
582,PureSkin Moisturizer 582,Hair,PureSkin,,0,0,0,0,Damaged,1,1,1,1,1,0,0,0,1,786,5.0
583,PureSkin Mask 583,Hair,PureSkin,,0,0,0,0,Damaged,0,1,0,0,1,0,1,0,1,717,4.2
584,PureSkin Moisturizer 584,Hair,PureSkin,,0,0,0,0,Oily,1,1,0,0,1,0,0,1,0,900,4.1
585,NatureGlow Cleanser 585,Hair,NatureGlow,,0,0,0,0,Dry,1,1,1,1,1,1,1,0,0,1377,3.2
586,PureSkin Serum 586,Hair,PureSkin,,0,0,0,0,Damaged,0,1,1,1,1,0,0,0,1,886,3.5
587,DermaCare Conditioner 587,Hair,DermaCare,,0,0,0,0,Dry,1,0,1,1,0,1,0,1,1,667,4.9
588,HairVital Shampoo 588,Hair,HairVital,,0,0,0,0,Normal,1,1,0,1,0,0,0,1,1,733,4.8
589,GlowPlus Shampoo 589,Hair,GlowPlus,,0,0,0,0,Normal,1,0,1,0,1,0,0,0,0,1320,3.1
590,GlowPlus Serum 590,Hair,GlowPlus,,0,0,0,0,Damaged,0,1,0,0,0,0,1,1,0,230,4.2
591,NatureGlow Moisturizer 591,Hair,NatureGlow,,0,0,0,0,Damaged,1,1,0,1,1,1,0,0,0,1330,3.5
592,DermaCare Oil 592,Hair,DermaCare,,0,0,0,0,Damaged,0,1,1,0,1,1,0,1,0,574,3.3
593,NatureGlow Conditioner 593,Hair,NatureGlow,,0,0,0,0,Oily,1,1,0,0,0,1,0,1,0,541,4.1
594,GlowPlus Moisturizer 594,Hair,GlowPlus,,0,0,0,0,Normal,0,1,1,0,0,1,1,1,0,1164,4.9
595,PureSkin Mask 595,Hair,PureSkin,,0,0,0,0,Normal,0,1,0,1,1,0,1,0,1,1458,4.6
596,HairVital Moisturizer 596,Hair,HairVital,,0,0,0,0,Dry,1,1,1,1,1,0,1,1,1,1023,4.6
597,GlowPlus Conditioner 597,Hair,GlowPlus,,0,0,0,0,Damaged,1,1,0,0,0,1,0,1,1,1238,3.1
598,GlowPlus Oil 598,Hair,GlowPlus,,0,0,0,0,Normal,0,0,1,1,1,1,0,1,1,727,3.6
599,PureSkin Cleanser 599,Hair,PureSkin,,0,0,0,0,Dry,0,1,1,0,1,0,1,1,1,872,4.1
600,PureSkin Oil 600,Hair,PureSkin,,0,0,0,0,Dry,1,1,1,1,1,0,0,0,1,1277,4.0
601,GlowPlus Moisturizer 601,Hair,GlowPlus,,0,0,0,0,Oily,1,0,0,0,1,1,1,0,1,1157,3.7
602,GlowPlus Cleanser 602,Hair,GlowPlus,,0,0,0,0,Oily,1,0,0,1,1,1,0,1,1,211,3.4
603,PureSkin Moisturizer 603,Hair,PureSkin,,0,0,0,0,Damaged,1,1,1,0,0,1,0,0,1,387,3.5
604,PureSkin Moisturizer 604,Hair,PureSkin,,0,0,0,0,Oily,1,0,0,0,1,0,1,0,1,1439,4.2
605,HairVital Serum 605,Hair,HairVital,,0,0,0,0,Dry,0,0,1,1,1,0,0,0,0,388,4.4
606,GlowPlus Moisturizer 606,Hair,GlowPlus,,0,0,0,0,Oily,1,1,0,0,1,0,1,0,1,893,3.5
607,NatureGlow Mask 607,Hair,NatureGlow,,0,0,0,0,Oily,1,1,0,0,0,0,1,0,1,1495,3.9
608,NatureGlow Serum 608,Hair,NatureGlow,,0,0,0,0,Normal,1,1,1,0,1,0,0,1,1,877,4.7
609,HairVital Shampoo 609,Hair,HairVital,,0,0,0,0,Normal,1,0,0,0,0,0,1,0,1,693,4.6
610,GlowPlus Cleanser 610,Hair,GlowPlus,,0,0,0,0,Dry,1,1,1,1,0,1,1,1,0,785,4.8
611,GlowPlus Mask 611,Hair,GlowPlus,,0,0,0,0,Normal,1,1,1,1,1,0,1,1,1,1108,4.1
612,GlowPlus Conditioner 612,Hair,GlowPlus,,0,0,0,0,Normal,1,0,0,1,1,1,1,0,0,280,3.4
613,GlowPlus Cleanser 613,Hair,GlowPlus,,0,0,0,0,Oily,1,1,1,1,1,1,0,1,0,442,4.2
614,PureSkin Cleanser 614,Hair,PureSkin,,0,0,0,0,Normal,0,0,0,1,1,1,1,1,0,1425,4.5
615,NatureGlow Shampoo 615,Hair,NatureGlow,,0,0,0,0,Normal,1,1,0,0,0,1,1,0,1,654,3.6
616,DermaCare Mask 616,Hair,DermaCare,,0,0,0,0,Dry,1,1,1,1,0,0,1,1,1,837,4.5
617,NatureGlow Oil 617,Hair,NatureGlow,,0,0,0,0,Oily,1,0,0,1,1,0,1,0,0,484,4.3
618,NatureGlow Moisturizer 618,Hair,NatureGlow,,0,0,0,0,Dry,0,0,1,0,0,0,0,0,1,819,3.3
619,DermaCare Moisturizer 619,Hair,DermaCare,,0,0,0,0,Damaged,1,1,1,1,1,0,0,0,1,1048,4.7
620,PureSkin Shampoo 620,Hair,PureSkin,,0,0,0,0,Dry,0,1,1,1,0,1,0,1,0,765,4.5
621,GlowPlus Conditioner 621,Hair,GlowPlus,,0,0,0,0,Damaged,0,1,0,1,1,0,1,1,0,520,3.6
622,PureSkin Mask 622,Hair,PureSkin,,0,0,0,0,Normal,1,1,0,1,0,1,0,0,0,594,4.2
623,HairVital Serum 623,Hair,HairVital,,0,0,0,0,Damaged,0,1,0,1,0,1,0,0,1,1029,3.4
624,DermaCare Moisturizer 624,Hair,DermaCare,,0,0,0,0,Damaged,1,1,1,0,1,0,1,1,0,966,5.0
625,NatureGlow Conditioner 625,Hair,NatureGlow,,0,0,0,0,Dry,1,1,1,0,0,1,0,0,0,831,4.3
626,GlowPlus Oil 626,Hair,GlowPlus,,0,0,0,0,Damaged,1,1,0,0,0,1,1,0,0,429,3.7
627,PureSkin Oil 627,Hair,PureSkin,,0,0,0,0,Normal,1,1,1,0,1,1,0,0,0,366,4.7
628,NatureGlow Mask 628,Hair,NatureGlow,,0,0,0,0,Oily,1,0,0,1,0,1,1,1,0,1095,3.3
629,GlowPlus Shampoo 629,Hair,GlowPlus,,0,0,0,0,Oily,1,0,0,1,1,0,0,1,0,1405,3.3
630,PureSkin Oil 630,Hair,PureSkin,,0,0,0,0,Damaged,1,1,0,1,0,1,1,0,0,1384,4.9
631,PureSkin Conditioner 631,Hair,PureSkin,,0,0,0,0,Damaged,0,1,0,0,1,1,1,1,0,1235,4.2
632,GlowPlus Shampoo 632,Hair,GlowPlus,,0,0,0,0,Normal,1,0,1,1,0,0,0,0,0,1094,3.7
633,DermaCare Oil 633,Hair,DermaCare,,0,0,0,0,Normal,0,0,1,1,0,0,1,1,0,1200,3.4
634,NatureGlow Oil 634,Hair,NatureGlow,,0,0,0,0,Oily,1,1,0,1,1,0,1,1,0,637,4.6
635,DermaCare Cleanser 635,Hair,DermaCare,,0,0,0,0,Oily,1,0,0,1,1,0,0,1,1,862,3.4
636,GlowPlus Shampoo 636,Hair,GlowPlus,,0,0,0,0,Oily,1,0,1,1,0,1,0,1,1,363,4.4
637,PureSkin Serum 637,Hair,PureSkin,,0,0,0,0,Normal,1,0,0,1,1,1,1,0,0,768,3.2
638,DermaCare Cleanser 638,Hair,DermaCare,,0,0,0,0,Normal,0,1,1,0,0,1,1,1,0,339,4.0
639,GlowPlus Shampoo 639,Hair,GlowPlus,,0,0,0,0,Damaged,0,1,1,0,1,0,1,0,1,1417,3.8
640,HairVital Mask 640,Hair,HairVital,,0,0,0,0,Dry,1,1,1,1,0,1,1,1,0,1445,4.5
641,GlowPlus Moisturizer 641,Hair,GlowPlus,,0,0,0,0,Damaged,1,1,0,1,0,1,0,0,0,512,3.8
642,PureSkin Mask 642,Hair,PureSkin,,0,0,0,0,Damaged,0,1,1,1,0,1,0,0,0,1235,4.5
643,GlowPlus Conditioner 643,Hair,GlowPlus,,0,0,0,0,Dry,0,0,1,1,1,1,0,1,1,898,3.5
644,DermaCare Conditioner 644,Hair,DermaCare,,0,0,0,0,Oily,1,0,1,1,0,0,0,1,1,1007,3.6
645,NatureGlow Mask 645,Hair,NatureGlow,,0,0,0,0,Dry,1,0,1,0,0,1,0,1,1,647,3.0
646,PureSkin Oil 646,Hair,PureSkin,,0,0,0,0,Dry,1,0,1,1,0,1,1,1,0,320,3.4
647,DermaCare Moisturizer 647,Hair,DermaCare,,0,0,0,0,Damaged,1,1,0,0,1,1,1,1,1,506,3.6
648,NatureGlow Shampoo 648,Hair,NatureGlow,,0,0,0,0,Oily,1,0,0,1,1,1,1,1,1,428,3.2
649,HairVital Oil 649,Hair,HairVital,,0,0,0,0,Damaged,1,1,0,1,1,1,1,1,0,1351,3.8
650,DermaCare Shampoo 650,Hair,DermaCare,,0,0,0,0,Normal,1,1,0,1,0,0,1,1,1,230,3.9
651,PureSkin Conditioner 651,Hair,PureSkin,,0,0,0,0,Oily,1,0,0,1,1,0,1,0,1,220,3.4
652,GlowPlus Oil 652,Hair,GlowPlus,,0,0,0,0,Damaged,1,1,1,0,0,0,0,0,0,497,3.4
653,HairVital Cleanser 653,Hair,HairVital,,0,0,0,0,Oily,1,1,1,0,1,0,0,1,1,488,4.6
654,PureSkin Shampoo 654,Hair,PureSkin,,0,0,0,0,Damaged,0,1,0,1,0,1,0,0,1,247,4.1
655,GlowPlus Shampoo 655,Hair,GlowPlus,,0,0,0,0,Dry,1,1,1,0,1,0,1,1,1,798,4.0
656,GlowPlus Cleanser 656,Hair,GlowPlus,,0,0,0,0,Normal,0,1,1,1,0,0,1,0,0,1030,3.8
657,PureSkin Serum 657,Hair,PureSkin,,0,0,0,0,Damaged,1,1,0,1,1,1,1,0,0,1102,3.3
658,NatureGlow Oil 658,Hair,NatureGlow,,0,0,0,0,Normal,0,0,0,1,1,0,1,0,0,925,4.6
659,DermaCare Shampoo 659,Hair,DermaCare,,0,0,0,0,Oily,1,0,0,0,0,1,0,0,1,466,4.4
660,DermaCare Serum 660,Hair,DermaCare,,0,0,0,0,Dry,1,0,1,1,1,1,0,1,1,549,4.7
661,NatureGlow Moisturizer 661,Hair,NatureGlow,,0,0,0,0,Oily,1,1,1,1,0,0,0,1,0,1397,3.8
662,PureSkin Shampoo 662,Hair,PureSkin,,0,0,0,0,Damaged,1,1,0,1,1,1,0,1,0,674,4.8
663,DermaCare Serum 663,Hair,DermaCare,,0,0,0,0,Oily,1,1,0,1,0,1,0,0,1,1430,4.4
664,DermaCare Conditioner 664,Hair,DermaCare,,0,0,0,0,Damaged,1,1,0,1,0,1,0,0,0,1327,3.2
665,NatureGlow Mask 665,Hair,NatureGlow,,0,0,0,0,Dry,0,1,1,1,1,0,1,0,0,662,3.6
666,NatureGlow Shampoo 666,Hair,NatureGlow,,0,0,0,0,Oily,1,1,0,1,1,1,0,0,0,315,3.2
667,NatureGlow Moisturizer 667,Hair,NatureGlow,,0,0,0,0,Damaged,1,1,0,1,1,0,0,1,0,654,3.1
668,DermaCare Conditioner 668,Hair,DermaCare,,0,0,0,0,Oily,1,0,1,1,0,0,0,1,0,345,3.5
669,DermaCare Shampoo 669,Hair,DermaCare,,0,0,0,0,Damaged,0,1,0,1,1,1,0,1,0,562,3.2
670,DermaCare Cleanser 670,Hair,DermaCare,,0,0,0,0,Oily,1,0,0,1,0,0,0,1,1,1452,3.5
671,GlowPlus Shampoo 671,Hair,GlowPlus,,0,0,0,0,Damaged,0,1,0,1,1,1,0,0,0,1027,3.7
672,DermaCare Cleanser 672,Hair,DermaCare,,0,0,0,0,Normal,0,1,0,1,1,0,1,0,0,1133,3.7
673,HairVital Conditioner 673,Hair,HairVital,,0,0,0,0,Oily,1,0,0,1,1,1,0,1,0,466,3.8
674,HairVital Serum 674,Hair,HairVital,,0,0,0,0,Normal,1,1,1,0,0,0,0,0,1,386,4.4
675,DermaCare Cleanser 675,Hair,DermaCare,,0,0,0,0,Oily,1,1,1,0,1,1,1,1,1,214,4.4
676,HairVital Mask 676,Hair,HairVital,,0,0,0,0,Oily,1,1,1,1,1,1,0,0,1,648,3.5
677,HairVital Oil 677,Hair,HairVital,,0,0,0,0,Oily,1,0,0,1,1,0,1,1,0,663,3.4
678,GlowPlus Serum 678,Hair,GlowPlus,,0,0,0,0,Oily,1,1,1,0,1,0,0,1,1,1047,3.3
679,HairVital Conditioner 679,Hair,HairVital,,0,0,0,0,Normal,0,1,0,0,0,1,1,0,0,480,4.9
680,HairVital Cleanser 680,Hair,HairVital,,0,0,0,0,Oily,1,1,0,0,0,0,0,0,0,759,3.9
681,HairVital Conditioner 681,Hair,HairVital,,0,0,0,0,Normal,0,0,0,1,0,1,0,0,1,964,4.9
682,GlowPlus Cleanser 682,Hair,GlowPlus,,0,0,0,0,Damaged,0,1,1,1,0,0,0,0,0,1400,3.2
683,PureSkin Serum 683,Hair,PureSkin,,0,0,0,0,Normal,0,1,0,1,0,0,1,1,0,452,4.1
684,GlowPlus Cleanser 684,Hair,GlowPlus,,0,0,0,0,Damaged,1,1,0,1,0,0,0,1,1,698,3.5
685,DermaCare Shampoo 685,Hair,DermaCare,,0,0,0,0,Normal,1,1,0,0,1,0,0,1,1,1022,3.2
686,GlowPlus Conditioner 686,Hair,GlowPlus,,0,0,0,0,Normal,0,1,0,1,0,1,1,0,1,819,4.9
687,DermaCare Shampoo 687,Hair,DermaCare,,0,0,0,0,Normal,0,0,0,1,1,0,0,0,1,723,4.8
688,HairVital Shampoo 688,Hair,HairVital,,0,0,0,0,Damaged,0,1,1,1,1,1,1,0,1,674,3.3
689,HairVital Shampoo 689,Hair,HairVital,,0,0,0,0,Oily,1,0,0,1,1,1,0,1,0,591,4.9
690,HairVital Conditioner 690,Hair,HairVital,,0,0,0,0,Oily,1,1,0,1,0,0,1,0,0,646,4.2
691,PureSkin Shampoo 691,Hair,PureSkin,,0,0,0,0,Damaged,0,1,0,0,0,0,0,0,0,1233,4.3
692,DermaCare Shampoo 692,Hair,DermaCare,,0,0,0,0,Dry,1,0,1,0,1,1,1,1,1,834,4.8
693,NatureGlow Serum 693,Hair,NatureGlow,,0,0,0,0,Oily,1,1,0,1,1,1,1,1,0,1085,3.7
694,DermaCare Oil 694,Hair,DermaCare,,0,0,0,0,Normal,1,1,0,1,0,1,0,1,1,678,3.5
695,DermaCare Serum 695,Hair,DermaCare,,0,0,0,0,Damaged,1,1,0,1,1,0,0,1,1,1217,4.1
696,NatureGlow Shampoo 696,Hair,NatureGlow,,0,0,0,0,Normal,1,1,1,1,1,0,0,1,0,1115,4.8
697,PureSkin Shampoo 697,Hair,PureSkin,,0,0,0,0,Dry,0,1,1,1,0,0,1,0,1,715,3.9
698,HairVital Shampoo 698,Hair,HairVital,,0,0,0,0,Dry,1,0,1,0,1,1,1,1,0,653,4.0
699,PureSkin Cleanser 699,Hair,PureSkin,,0,0,0,0,Oily,1,1,0,1,1,0,0,1,0,570,4.7
700,NatureGlow Cleanser 700,Hair,NatureGlow,,0,0,0,0,Normal,0,0,0,1,1,1,1,0,0,595,4.2
701,NatureGlow Shampoo 701,Hair,NatureGlow,,0,0,0,0,Dry,0,0,1,1,1,0,1,0,0,1131,4.0
702,NatureGlow Serum 702,Hair,NatureGlow,,0,0,0,0,Dry,1,0,1,0,0,0,0,1,0,431,3.7
703,HairVital Conditioner 703,Hair,HairVital,,0,0,0,0,Oily,1,0,1,0,1,1,0,0,1,397,3.1
704,NatureGlow Shampoo 704,Hair,NatureGlow,,0,0,0,0,Dry,0,1,1,0,1,1,1,1,0,525,3.4
705,PureSkin Cleanser 705,Hair,PureSkin,,0,0,0,0,Normal,1,1,1,0,0,1,1,1,0,358,3.7
706,GlowPlus Oil 706,Hair,GlowPlus,,0,0,0,0,Oily,1,0,0,0,0,0,1,0,1,1183,4.5
707,HairVital Conditioner 707,Hair,HairVital,,0,0,0,0,Normal,0,1,1,0,1,0,0,1,0,1242,3.8
708,NatureGlow Mask 708,Hair,NatureGlow,,0,0,0,0,Damaged,0,1,1,0,0,1,1,1,0,1192,3.6
709,DermaCare Oil 709,Hair,DermaCare,,0,0,0,0,Dry,1,0,1,1,1,0,0,0,1,648,3.8
710,NatureGlow Mask 710,Hair,NatureGlow,,0,0,0,0,Dry,1,0,1,1,1,0,1,1,0,212,3.8
711,HairVital Conditioner 711,Hair,HairVital,,0,0,0,0,Normal,1,0,1,0,1,0,0,1,1,1085,4.8
712,GlowPlus Shampoo 712,Hair,GlowPlus,,0,0,0,0,Damaged,1,1,0,1,0,1,1,1,1,1009,4.4
713,GlowPlus Serum 713,Hair,GlowPlus,,0,0,0,0,Damaged,0,1,1,0,0,1,0,1,1,1083,4.1
714,GlowPlus Conditioner 714,Hair,GlowPlus,,0,0,0,0,Oily,1,0,0,1,1,0,0,0,0,722,4.0
715,HairVital Oil 715,Hair,HairVital,,0,0,0,0,Oily,1,0,0,1,1,1,0,1,0,540,3.4
716,HairVital Mask 716,Hair,HairVital,,0,0,0,0,Oily,1,0,0,1,0,1,0,1,1,1211,4.0
717,HairVital Serum 717,Hair,HairVital,,0,0,0,0,Oily,1,0,0,1,0,1,1,0,0,1249,4.8
718,DermaCare Cleanser 718,Hair,DermaCare,,0,0,0,0,Damaged,0,1,0,0,0,1,1,1,1,379,3.3
719,DermaCare Cleanser 719,Hair,DermaCare,,0,0,0,0,Normal,1,0,1,0,1,0,1,1,1,1209,3.0
720,GlowPlus Serum 720,Hair,GlowPlus,,0,0,0,0,Normal,1,1,0,0,0,0,0,1,0,1491,3.2
721,PureSkin Shampoo 721,Hair,PureSkin,,0,0,0,0,Oily,1,1,0,0,0,0,1,1,1,791,3.1
722,DermaCare Conditioner 722,Hair,DermaCare,,0,0,0,0,Damaged,1,1,0,0,1,1,1,1,0,1476,4.6
723,DermaCare Cleanser 723,Hair,DermaCare,,0,0,0,0,Oily,1,1,0,1,0,1,1,1,1,430,3.6
724,DermaCare Moisturizer 724,Hair,DermaCare,,0,0,0,0,Dry,1,0,1,1,0,1,1,0,0,843,3.2
725,NatureGlow Serum 725,Hair,NatureGlow,,0,0,0,0,Dry,0,0,1,0,1,0,1,1,1,326,4.1
726,PureSkin Conditioner 726,Hair,PureSkin,,0,0,0,0,Oily,1,1,1,1,0,1,1,0,0,445,3.5
727,PureSkin Oil 727,Hair,PureSkin,,0,0,0,0,Dry,0,0,1,1,1,1,0,1,0,1338,3.4
728,NatureGlow Conditioner 728,Hair,NatureGlow,,0,0,0,0,Dry,0,0,1,1,1,1,0,1,1,817,4.5
729,NatureGlow Cleanser 729,Hair,NatureGlow,,0,0,0,0,Oily,1,0,0,0,1,0,0,0,0,521,3.9
730,GlowPlus Moisturizer 730,Hair,GlowPlus,,0,0,0,0,Oily,1,0,1,0,0,1,1,0,0,609,3.0
731,GlowPlus Cleanser 731,Hair,GlowPlus,,0,0,0,0,Normal,0,1,0,1,1,1,1,0,0,538,3.5
732,NatureGlow Moisturizer 732,Hair,NatureGlow,,0,0,0,0,Oily,1,0,1,1,0,1,1,1,0,867,4.8
733,GlowPlus Mask 733,Hair,GlowPlus,,0,0,0,0,Damaged,1,1,1,1,1,1,1,0,1,679,4.4
734,DermaCare Cleanser 734,Hair,DermaCare,,0,0,0,0,Damaged,0,1,0,0,0,0,0,0,0,535,3.9
735,DermaCare Cleanser 735,Hair,DermaCare,,0,0,0,0,Normal,0,0,1,0,1,1,0,1,1,324,4.9
736,DermaCare Shampoo 736,Hair,DermaCare,,0,0,0,0,Damaged,1,1,1,1,0,0,1,1,1,439,4.1
737,DermaCare Serum 737,Hair,DermaCare,,0,0,0,0,Oily,1,1,1,1,1,1,0,1,1,203,3.8
738,HairVital Mask 738,Hair,HairVital,,0,0,0,0,Normal,0,1,0,0,1,0,1,1,1,1300,4.3
739,PureSkin Moisturizer 739,Hair,PureSkin,,0,0,0,0,Damaged,1,1,0,0,0,0,1,1,0,1101,4.6
740,NatureGlow Serum 740,Hair,NatureGlow,,0,0,0,0,Oily,1,0,0,1,1,1,1,1,0,1285,4.6
741,HairVital Moisturizer 741,Hair,HairVital,,0,0,0,0,Dry,0,1,1,1,0,1,1,0,0,1213,3.6
742,HairVital Serum 742,Hair,HairVital,,0,0,0,0,Damaged,1,1,1,1,0,0,0,0,0,962,3.5
743,NatureGlow Shampoo 743,Hair,NatureGlow,,0,0,0,0,Damaged,1,1,1,0,1,0,0,1,1,279,3.8
744,DermaCare Shampoo 744,Hair,DermaCare,,0,0,0,0,Damaged,0,1,1,1,1,1,1,0,1,1291,3.1
745,HairVital Moisturizer 745,Hair,HairVital,,0,0,0,0,Normal,0,0,1,1,1,1,0,1,0,1364,3.4
746,NatureGlow Mask 746,Hair,NatureGlow,,0,0,0,0,Damaged,1,1,0,1,0,0,1,1,1,978,3.3
747,GlowPlus Cleanser 747,Hair,GlowPlus,,0,0,0,0,Damaged,0,1,1,0,1,0,0,0,1,1295,4.3
748,HairVital Conditioner 748,Hair,HairVital,,0,0,0,0,Dry,0,0,1,0,0,1,1,1,0,252,3.2
749,DermaCare Shampoo 749,Hair,DermaCare,,0,0,0,0,Dry,1,1,1,1,0,1,1,0,1,259,4.7
750,GlowPlus Serum 750,Hair,GlowPlus,,0,0,0,0,Oily,1,0,0,1,1,0,0,1,1,986,5.0
751,PureSkin Moisturizer 751,Hair,PureSkin,,0,0,0,0,Dry,0,1,1,0,0,1,0,1,0,683,4.1
752,NatureGlow Conditioner 752,Hair,NatureGlow,,0,0,0,0,Damaged,0,1,0,0,1,1,0,1,0,1342,3.6
753,NatureGlow Conditioner 753,Hair,NatureGlow,,0,0,0,0,Damaged,0,1,1,0,0,1,0,0,0,535,4.5
754,GlowPlus Moisturizer 754,Hair,GlowPlus,,0,0,0,0,Damaged,0,1,0,1,0,1,1,1,0,731,4.2
755,PureSkin Mask 755,Hair,PureSkin,,0,0,0,0,Dry,1,1,1,0,0,1,0,0,1,691,3.8
756,DermaCare Oil 756,Hair,DermaCare,,0,0,0,0,Damaged,1,1,1,0,1,0,1,0,0,699,4.3
757,DermaCare Shampoo 757,Hair,DermaCare,,0,0,0,0,Normal,0,1,0,0,0,0,1,0,0,1179,3.8
758,DermaCare Cleanser 758,Hair,DermaCare,,0,0,0,0,Oily,1,1,1,0,0,0,1,0,0,964,4.9
759,GlowPlus Serum 759,Hair,GlowPlus,,0,0,0,0,Oily,1,1,0,1,1,0,1,1,0,1498,4.6
760,PureSkin Conditioner 760,Hair,PureSkin,,0,0,0,0,Normal,1,1,0,0,0,1,0,0,0,351,3.5
761,HairVital Conditioner 761,Hair,HairVital,,0,0,0,0,Dry,0,1,1,0,0,0,1,1,1,459,4.7
762,NatureGlow Serum 762,Hair,NatureGlow,,0,0,0,0,Normal,1,0,0,0,1,1,0,1,0,1276,3.9
763,GlowPlus Moisturizer 763,Hair,GlowPlus,,0,0,0,0,Normal,1,1,0,1,0,0,1,1,1,1009,3.6
764,NatureGlow Conditioner 764,Hair,NatureGlow,,0,0,0,0,Dry,0,0,1,1,0,0,1,1,1,1496,3.3
765,NatureGlow Moisturizer 765,Hair,NatureGlow,,0,0,0,0,Oily,1,1,1,1,0,0,1,1,0,1268,4.0
766,DermaCare Conditioner 766,Hair,DermaCare,,0,0,0,0,Dry,0,0,1,1,0,1,1,0,1,1409,4.8
767,DermaCare Mask 767,Hair,DermaCare,,0,0,0,0,Damaged,1,1,1,1,0,0,1,1,0,1059,4.0
768,PureSkin Moisturizer 768,Hair,PureSkin,,0,0,0,0,Oily,1,0,1,0,1,1,1,0,1,473,4.6
769,HairVital Mask 769,Hair,HairVital,,0,0,0,0,Normal,0,0,1,1,1,0,0,0,1,464,3.8
770,NatureGlow Mask 770,Hair,NatureGlow,,0,0,0,0,Damaged,0,1,1,0,0,1,0,0,1,730,3.0
771,NatureGlow Moisturizer 771,Hair,NatureGlow,,0,0,0,0,Normal,0,1,0,0,0,1,1,1,1,1430,4.8
772,NatureGlow Mask 772,Hair,NatureGlow,,0,0,0,0,Dry,0,0,1,0,1,0,1,1,1,1318,4.2
773,DermaCare Mask 773,Hair,DermaCare,,0,0,0,0,Damaged,1,1,0,1,1,1,0,0,0,1078,3.8
774,NatureGlow Oil 774,Hair,NatureGlow,,0,0,0,0,Normal,0,0,1,1,1,0,0,1,0,982,3.6
775,HairVital Moisturizer 775,Hair,HairVital,,0,0,0,0,Oily,1,1,1,1,1,0,0,1,1,260,4.3
776,DermaCare Conditioner 776,Hair,DermaCare,,0,0,0,0,Damaged,1,1,0,1,0,0,0,0,1,1018,3.7
777,HairVital Conditioner 777,Hair,HairVital,,0,0,0,0,Damaged,1,1,1,1,1,0,1,0,0,936,4.4
778,PureSkin Moisturizer 778,Hair,PureSkin,,0,0,0,0,Damaged,1,1,0,0,0,0,0,1,0,312,3.3
779,NatureGlow Conditioner 779,Hair,NatureGlow,,0,0,0,0,Oily,1,0,1,0,1,1,0,0,1,698,4.4
780,NatureGlow Serum 780,Hair,NatureGlow,,0,0,0,0,Oily,1,0,1,0,1,0,0,0,0,684,4.3
781,NatureGlow Serum 781,Hair,NatureGlow,,0,0,0,0,Damaged,0,1,1,1,1,1,0,1,0,930,3.9
782,NatureGlow Mask 782,Hair,NatureGlow,,0,0,0,0,Oily,1,1,1,1,1,0,1,1,0,1175,4.9
783,PureSkin Serum 783,Hair,PureSkin,,0,0,0,0,Oily,1,1,1,0,1,1,0,1,0,1268,4.7
784,NatureGlow Serum 784,Hair,NatureGlow,,0,0,0,0,Damaged,1,1,1,1,0,1,1,0,0,843,4.8
785,NatureGlow Oil 785,Hair,NatureGlow,,0,0,0,0,Oily,1,0,0,0,0,1,0,1,0,1391,4.4
786,HairVital Conditioner 786,Hair,HairVital,,0,0,0,0,Oily,1,0,1,0,0,1,1,1,0,1187,4.9
787,HairVital Moisturizer 787,Hair,HairVital,,0,0,0,0,Damaged,0,1,0,1,0,1,1,1,0,1395,4.8
788,HairVital Cleanser 788,Hair,HairVital,,0,0,0,0,Normal,1,0,1,0,1,1,0,0,1,396,4.6
789,HairVital Oil 789,Hair,HairVital,,0,0,0,0,Damaged,1,1,1,1,0,0,0,0,1,1314,4.4
790,DermaCare Cleanser 790,Hair,DermaCare,,0,0,0,0,Normal,0,0,1,0,0,0,0,1,0,1476,4.8
791,DermaCare Moisturizer 791,Hair,DermaCare,,0,0,0,0,Dry,1,1,1,1,0,0,0,0,0,1132,4.8
792,GlowPlus Shampoo 792,Hair,GlowPlus,,0,0,0,0,Normal,0,1,1,1,1,0,1,1,0,1180,5.0
793,NatureGlow Mask 793,Hair,NatureGlow,,0,0,0,0,Normal,0,1,0,0,1,1,1,1,0,676,4.6
794,HairVital Oil 794,Hair,HairVital,,0,0,0,0,Oily,1,1,0,0,1,0,0,1,0,202,5.0
795,GlowPlus Conditioner 795,Hair,GlowPlus,,0,0,0,0,Damaged,0,1,0,0,1,1,0,1,1,271,3.0
796,DermaCare Mask 796,Hair,DermaCare,,0,0,0,0,Normal,0,0,1,1,1,0,0,1,0,416,3.2
797,PureSkin Oil 797,Hair,PureSkin,,0,0,0,0,Normal,0,0,1,0,0,1,0,0,1,712,4.1
798,PureSkin Cleanser 798,Hair,PureSkin,,0,0,0,0,Damaged,1,1,1,0,0,0,1,1,1,1336,4.6
799,PureSkin Mask 799,Hair,PureSkin,,0,0,0,0,Oily,1,0,1,1,0,1,0,1,0,1367,3.7
800,NatureGlow Conditioner 800,Hair,NatureGlow,,0,0,0,0,Damaged,0,1,1,0,0,1,0,0,0,665,3.1
801,DermaCare Oil 801,Hair,DermaCare,,0,0,0,0,Damaged,1,1,1,1,1,0,0,1,0,321,4.7
802,NatureGlow Shampoo 802,Hair,NatureGlow,,0,0,0,0,Dry,0,0,1,0,0,0,1,1,1,1136,4.3
803,DermaCare Mask 803,Hair,DermaCare,,0,0,0,0,Normal,1,1,1,1,1,1,1,1,0,1319,3.7
804,NatureGlow Mask 804,Hair,NatureGlow,,0,0,0,0,Oily,1,0,1,0,1,0,1,0,0,292,4.1
805,GlowPlus Moisturizer 805,Hair,GlowPlus,,0,0,0,0,Oily,1,0,1,0,1,1,0,0,0,727,3.2
806,NatureGlow Serum 806,Hair,NatureGlow,,0,0,0,0,Oily,1,0,0,0,0,0,1,1,0,253,4.4
807,GlowPlus Shampoo 807,Hair,GlowPlus,,0,0,0,0,Dry,0,1,1,0,1,1,0,0,1,876,3.7
808,PureSkin Cleanser 808,Hair,PureSkin,,0,0,0,0,Oily,1,1,0,1,1,0,1,0,0,1221,4.6
809,NatureGlow Mask 809,Hair,NatureGlow,,0,0,0,0,Oily,1,1,0,0,0,1,1,1,1,531,3.4
810,HairVital Cleanser 810,Hair,HairVital,,0,0,0,0,Damaged,1,1,1,0,0,0,0,1,0,1060,4.1
811,GlowPlus Oil 811,Hair,GlowPlus,,0,0,0,0,Normal,0,1,1,0,1,0,0,1,0,977,4.5
812,GlowPlus Mask 812,Hair,GlowPlus,,0,0,0,0,Normal,1,1,0,0,0,0,0,0,1,1071,4.1
813,GlowPlus Conditioner 813,Hair,GlowPlus,,0,0,0,0,Oily,1,0,1,1,0,0,1,0,1,1322,3.8
814,GlowPlus Serum 814,Hair,GlowPlus,,0,0,0,0,Normal,1,1,1,1,1,1,0,0,1,1168,3.2
815,HairVital Moisturizer 815,Hair,HairVital,,0,0,0,0,Damaged,0,1,0,1,0,1,1,1,1,1333,4.3
816,DermaCare Oil 816,Hair,DermaCare,,0,0,0,0,Normal,0,0,1,0,0,0,1,0,1,1432,4.8
817,NatureGlow Oil 817,Hair,NatureGlow,,0,0,0,0,Damaged,1,1,1,1,1,0,0,0,1,1290,4.1
818,PureSkin Conditioner 818,Hair,PureSkin,,0,0,0,0,Damaged,1,1,1,1,0,0,1,0,0,556,3.1
819,NatureGlow Serum 819,Hair,NatureGlow,,0,0,0,0,Damaged,1,1,1,0,0,0,1,0,1,950,4.8
820,HairVital Shampoo 820,Hair,HairVital,,0,0,0,0,Damaged,0,1,1,0,1,0,0,0,1,933,3.8
821,HairVital Oil 821,Hair,HairVital,,0,0,0,0,Dry,0,1,1,0,0,0,1,1,1,1227,3.8
822,HairVital Oil 822,Hair,HairVital,,0,0,0,0,Oily,1,0,0,0,1,1,1,0,1,947,4.6
823,HairVital Conditioner 823,Hair,HairVital,,0,0,0,0,Dry,1,0,1,0,0,0,0,1,0,812,4.9
824,GlowPlus Shampoo 824,Hair,GlowPlus,,0,0,0,0,Normal,0,0,1,0,0,0,1,0,1,403,3.4
825,GlowPlus Cleanser 825,Hair,GlowPlus,,0,0,0,0,Damaged,0,1,1,0,1,1,1,0,0,1034,4.6
826,GlowPlus Cleanser 826,Hair,GlowPlus,,0,0,0,0,Damaged,0,1,1,0,1,1,0,1,0,470,3.3
827,HairVital Cleanser 827,Hair,HairVital,,0,0,0,0,Normal,1,1,1,0,1,1,0,1,1,724,3.6
828,HairVital Cleanser 828,Hair,HairVital,,0,0,0,0,Oily,1,1,0,1,0,1,1,1,0,1472,4.7
829,HairVital Moisturizer 829,Hair,HairVital,,0,0,0,0,Damaged,1,1,1,0,0,1,0,1,1,245,3.0
830,PureSkin Shampoo 830,Hair,PureSkin,,0,0,0,0,Dry,1,1,1,1,1,0,0,0,1,444,3.7
831,NatureGlow Conditioner 831,Hair,NatureGlow,,0,0,0,0,Dry,0,1,1,1,1,0,1,1,0,718,4.2
832,HairVital Mask 832,Hair,HairVital,,0,0,0,0,Dry,0,1,1,0,0,1,1,1,1,562,3.2
833,PureSkin Mask 833,Hair,PureSkin,,0,0,0,0,Oily,1,1,1,0,0,1,1,1,0,1413,4.5
834,DermaCare Moisturizer 834,Hair,DermaCare,,0,0,0,0,Damaged,1,1,0,1,1,0,0,0,0,545,4.6
835,NatureGlow Shampoo 835,Hair,NatureGlow,,0,0,0,0,Normal,1,1,1,1,0,0,1,1,0,663,3.2
836,PureSkin Conditioner 836,Hair,PureSkin,,0,0,0,0,Normal,0,1,0,0,0,1,1,0,1,1084,4.4
837,DermaCare Cleanser 837,Hair,DermaCare,,0,0,0,0,Normal,1,1,0,0,0,0,0,1,1,258,3.8
838,DermaCare Conditioner 838,Hair,DermaCare,,0,0,0,0,Normal,0,1,1,1,0,1,0,1,1,288,3.8
839,HairVital Mask 839,Hair,HairVital,,0,0,0,0,Dry,1,0,1,0,1,0,1,0,0,1055,4.9
840,GlowPlus Mask 840,Hair,GlowPlus,,0,0,0,0,Normal,1,0,1,0,0,0,1,0,1,1372,4.1
841,HairVital Conditioner 841,Hair,HairVital,,0,0,0,0,Damaged,1,1,0,0,0,1,0,1,1,1449,3.5
842,NatureGlow Oil 842,Hair,NatureGlow,,0,0,0,0,Dry,0,1,1,0,1,0,0,0,1,1268,3.9
843,HairVital Oil 843,Hair,HairVital,,0,0,0,0,Damaged,1,1,1,1,1,0,0,0,1,1368,3.4
844,NatureGlow Shampoo 844,Hair,NatureGlow,,0,0,0,0,Dry,0,1,1,1,1,1,1,0,0,529,4.1
845,PureSkin Serum 845,Hair,PureSkin,,0,0,0,0,Damaged,0,1,1,0,1,0,1,1,0,254,4.2
846,NatureGlow Moisturizer 846,Hair,NatureGlow,,0,0,0,0,Oily,1,0,1,1,1,1,1,0,0,1232,3.7
847,DermaCare Oil 847,Hair,DermaCare,,0,0,0,0,Normal,0,0,1,1,1,0,0,1,0,376,4.1
848,NatureGlow Oil 848,Hair,NatureGlow,,0,0,0,0,Normal,1,1,0,0,1,1,0,0,1,334,3.8
849,NatureGlow Serum 849,Hair,NatureGlow,,0,0,0,0,Normal,1,1,1,1,1,0,1,1,0,358,3.5
850,NatureGlow Oil 850,Hair,NatureGlow,,0,0,0,0,Damaged,0,1,1,0,0,1,0,1,1,1155,4.8
851,NatureGlow Serum 851,Hair,NatureGlow,,0,0,0,0,Oily,1,1,1,0,0,1,0,1,1,766,4.1
852,HairVital Oil 852,Hair,HairVital,,0,0,0,0,Dry,1,1,1,1,1,0,1,1,0,1331,4.9
853,HairVital Conditioner 853,Hair,HairVital,,0,0,0,0,Dry,0,0,1,1,0,0,1,1,0,1086,3.3
854,DermaCare Conditioner 854,Hair,DermaCare,,0,0,0,0,Oily,1,1,0,1,1,1,0,0,1,962,4.9
855,GlowPlus Conditioner 855,Hair,GlowPlus,,0,0,0,0,Normal,0,0,0,1,0,1,0,1,0,273,3.2
856,DermaCare Moisturizer 856,Hair,DermaCare,,0,0,0,0,Damaged,0,1,1,1,0,0,1,0,1,1462,3.7
857,DermaCare Oil 857,Hair,DermaCare,,0,0,0,0,Normal,1,1,0,1,0,1,1,0,1,1215,4.9
858,GlowPlus Conditioner 858,Hair,GlowPlus,,0,0,0,0,Normal,0,1,1,0,0,0,1,0,1,1017,4.1
859,HairVital Cleanser 859,Hair,HairVital,,0,0,0,0,Damaged,0,1,1,0,0,1,1,1,0,1129,3.2
860,PureSkin Shampoo 860,Hair,PureSkin,,0,0,0,0,Damaged,0,1,1,1,0,0,1,1,0,373,3.7
861,GlowPlus Serum 861,Hair,GlowPlus,,0,0,0,0,Dry,0,0,1,1,1,1,0,0,1,833,4.0
862,GlowPlus Mask 862,Hair,GlowPlus,,0,0,0,0,Normal,0,0,0,1,0,0,1,0,0,518,4.9
863,HairVital Conditioner 863,Hair,HairVital,,0,0,0,0,Normal,0,0,1,0,0,0,1,0,1,972,3.1
864,NatureGlow Oil 864,Hair,NatureGlow,,0,0,0,0,Damaged,0,1,0,0,1,0,0,1,0,1030,3.6
865,PureSkin Shampoo 865,Hair,PureSkin,,0,0,0,0,Dry,1,1,1,1,0,1,0,0,0,505,3.8
866,HairVital Moisturizer 866,Hair,HairVital,,0,0,0,0,Normal,1,0,1,0,1,1,0,1,0,1289,4.0
867,NatureGlow Serum 867,Hair,NatureGlow,,0,0,0,0,Oily,1,1,0,0,1,1,0,0,1,868,4.9
868,HairVital Mask 868,Hair,HairVital,,0,0,0,0,Damaged,1,1,0,0,0,1,1,0,1,652,3.3
869,NatureGlow Moisturizer 869,Hair,NatureGlow,,0,0,0,0,Dry,0,0,1,0,0,1,0,0,1,590,3.4
870,PureSkin Conditioner 870,Hair,PureSkin,,0,0,0,0,Oily,1,0,0,1,0,0,1,0,0,837,4.6
871,DermaCare Mask 871,Hair,DermaCare,,0,0,0,0,Oily,1,0,0,0,0,0,1,1,0,349,4.0
872,PureSkin Oil 872,Hair,PureSkin,,0,0,0,0,Oily,1,1,0,1,1,1,1,0,0,422,4.6
873,GlowPlus Mask 873,Hair,GlowPlus,,0,0,0,0,Oily,1,0,1,0,1,1,0,1,0,678,4.7
874,NatureGlow Cleanser 874,Hair,NatureGlow,,0,0,0,0,Normal,1,1,0,0,1,1,1,1,0,1127,3.5
875,PureSkin Cleanser 875,Hair,PureSkin,,0,0,0,0,Normal,1,1,1,0,0,1,1,1,1,275,3.8
876,DermaCare Conditioner 876,Hair,DermaCare,,0,0,0,0,Damaged,1,1,0,1,1,1,1,0,0,1298,3.3
877,PureSkin Serum 877,Hair,PureSkin,,0,0,0,0,Normal,0,1,0,0,1,0,1,1,0,1050,4.1
878,NatureGlow Mask 878,Hair,NatureGlow,,0,0,0,0,Normal,1,0,0,1,1,1,0,0,1,535,4.9
879,PureSkin Conditioner 879,Hair,PureSkin,,0,0,0,0,Damaged,1,1,0,1,1,0,1,1,1,1457,3.7
880,GlowPlus Serum 880,Hair,GlowPlus,,0,0,0,0,Oily,1,0,1,0,0,1,1,1,0,295,3.1
881,GlowPlus Serum 881,Hair,GlowPlus,,0,0,0,0,Damaged,0,1,0,0,1,0,0,0,1,639,3.1
882,DermaCare Serum 882,Hair,DermaCare,,0,0,0,0,Damaged,1,1,1,0,0,1,1,1,0,1242,3.2
883,HairVital Serum 883,Hair,HairVital,,0,0,0,0,Damaged,1,1,1,0,1,0,1,1,0,1410,4.5
884,GlowPlus Moisturizer 884,Hair,GlowPlus,,0,0,0,0,Oily,1,0,0,0,1,1,1,0,1,340,4.7
885,HairVital Cleanser 885,Hair,HairVital,,0,0,0,0,Normal,0,1,1,1,0,0,0,1,0,1492,4.1
886,GlowPlus Shampoo 886,Hair,GlowPlus,,0,0,0,0,Oily,1,1,1,0,0,0,0,1,0,444,3.9
887,NatureGlow Serum 887,Hair,NatureGlow,,0,0,0,0,Oily,1,1,0,1,0,0,1,1,1,456,4.0
888,NatureGlow Mask 888,Hair,NatureGlow,,0,0,0,0,Dry,1,1,1,0,1,1,0,1,1,1448,4.4
889,HairVital Mask 889,Hair,HairVital,,0,0,0,0,Damaged,1,1,0,0,1,1,0,0,0,791,3.2
890,PureSkin Conditioner 890,Hair,PureSkin,,0,0,0,0,Oily,1,0,0,0,0,0,0,1,0,406,3.8
891,DermaCare Shampoo 891,Hair,DermaCare,,0,0,0,0,Oily,1,0,0,0,1,1,0,1,0,1276,3.3
892,DermaCare Shampoo 892,Hair,DermaCare,,0,0,0,0,Damaged,0,1,1,0,1,0,0,1,0,435,5.0
893,HairVital Moisturizer 893,Hair,HairVital,,0,0,0,0,Oily,1,0,0,1,1,1,0,1,0,642,4.7
894,DermaCare Cleanser 894,Hair,DermaCare,,0,0,0,0,Oily,1,1,1,1,1,1,1,0,1,672,3.4
895,GlowPlus Serum 895,Hair,GlowPlus,,0,0,0,0,Damaged,0,1,1,1,1,0,1,0,1,856,3.8
896,HairVital Moisturizer 896,Hair,HairVital,,0,0,0,0,Damaged,1,1,0,0,1,0,1,0,1,1292,4.8
897,PureSkin Shampoo 897,Hair,PureSkin,,0,0,0,0,Normal,1,0,1,0,0,1,1,0,0,1266,3.5
898,PureSkin Oil 898,Hair,PureSkin,,0,0,0,0,Oily,1,0,1,1,1,1,1,0,0,1480,3.8
899,DermaCare Oil 899,Hair,DermaCare,,0,0,0,0,Dry,1,1,1,1,0,1,1,1,1,537,4.0
900,DermaCare Mask 900,Hair,DermaCare,,0,0,0,0,Damaged,1,1,0,0,1,1,0,1,1,766,3.7
901,PureSkin Cleanser 901,Hair,PureSkin,,0,0,0,0,Dry,0,0,1,1,1,1,1,0,1,1446,4.9
902,PureSkin Moisturizer 902,Hair,PureSkin,,0,0,0,0,Damaged,1,1,0,1,1,1,1,1,0,551,3.9
903,HairVital Shampoo 903,Hair,HairVital,,0,0,0,0,Normal,1,0,1,0,1,1,1,1,1,1031,4.0
904,DermaCare Cleanser 904,Hair,DermaCare,,0,0,0,0,Damaged,0,1,0,1,1,0,0,0,1,297,3.4
905,NatureGlow Shampoo 905,Hair,NatureGlow,,0,0,0,0,Normal,0,0,0,0,1,1,0,1,0,1175,3.8
906,PureSkin Conditioner 906,Hair,PureSkin,,0,0,0,0,Oily,1,1,1,1,1,0,1,0,1,1175,4.4
907,GlowPlus Conditioner 907,Hair,GlowPlus,,0,0,0,0,Dry,0,1,1,0,1,0,1,0,1,921,4.0
908,PureSkin Mask 908,Hair,PureSkin,,0,0,0,0,Oily,1,0,1,1,1,1,0,0,0,646,3.7
909,DermaCare Moisturizer 909,Hair,DermaCare,,0,0,0,0,Normal,1,0,0,1,1,1,0,1,1,1081,4.2
910,DermaCare Mask 910,Hair,DermaCare,,0,0,0,0,Oily,1,0,1,0,1,1,1,0,1,275,4.0
911,GlowPlus Serum 911,Hair,GlowPlus,,0,0,0,0,Normal,0,1,1,1,1,1,0,0,1,207,3.7
912,PureSkin Moisturizer 912,Hair,PureSkin,,0,0,0,0,Oily,1,1,0,1,1,0,1,0,1,653,3.9
913,NatureGlow Shampoo 913,Hair,NatureGlow,,0,0,0,0,Normal,0,0,1,1,0,1,1,1,1,1000,4.3
914,NatureGlow Cleanser 914,Hair,NatureGlow,,0,0,0,0,Oily,1,1,1,1,1,0,0,1,1,718,3.8
915,HairVital Mask 915,Hair,HairVital,,0,0,0,0,Normal,0,0,1,0,0,1,1,0,1,1414,3.3
916,DermaCare Serum 916,Hair,DermaCare,,0,0,0,0,Dry,1,1,1,0,1,0,1,0,0,1384,3.3
917,GlowPlus Serum 917,Hair,GlowPlus,,0,0,0,0,Damaged,1,1,1,1,0,0,0,1,1,305,3.1
918,GlowPlus Conditioner 918,Hair,GlowPlus,,0,0,0,0,Dry,0,0,1,1,1,0,0,1,1,1094,4.1
919,PureSkin Moisturizer 919,Hair,PureSkin,,0,0,0,0,Normal,0,0,1,0,1,1,0,0,0,602,4.0
920,NatureGlow Oil 920,Hair,NatureGlow,,0,0,0,0,Damaged,0,1,1,0,0,0,0,1,1,250,3.4
921,HairVital Shampoo 921,Hair,HairVital,,0,0,0,0,Damaged,1,1,0,1,0,1,1,0,1,1149,4.5
922,DermaCare Mask 922,Hair,DermaCare,,0,0,0,0,Dry,0,1,1,0,0,1,1,0,1,1443,3.2
923,GlowPlus Conditioner 923,Hair,GlowPlus,,0,0,0,0,Normal,1,0,1,1,0,0,0,1,1,690,3.6
924,PureSkin Moisturizer 924,Hair,PureSkin,,0,0,0,0,Normal,0,0,1,1,0,0,0,0,0,1164,4.4
925,HairVital Conditioner 925,Hair,HairVital,,0,0,0,0,Normal,1,0,1,1,1,1,0,0,1,584,4.8
926,NatureGlow Conditioner 926,Hair,NatureGlow,,0,0,0,0,Damaged,0,1,0,0,0,1,0,0,0,979,4.1
927,DermaCare Mask 927,Hair,DermaCare,,0,0,0,0,Dry,0,1,1,1,1,0,0,0,1,917,4.5
928,PureSkin Mask 928,Hair,PureSkin,,0,0,0,0,Normal,1,1,0,1,1,0,1,0,1,782,4.4
929,NatureGlow Cleanser 929,Hair,NatureGlow,,0,0,0,0,Dry,1,1,1,1,1,1,0,0,1,1110,4.6
930,DermaCare Shampoo 930,Hair,DermaCare,,0,0,0,0,Damaged,0,1,1,1,1,0,0,0,1,1420,3.9
931,PureSkin Shampoo 931,Hair,PureSkin,,0,0,0,0,Normal,0,1,0,1,1,1,1,1,1,1177,3.4
932,HairVital Mask 932,Hair,HairVital,,0,0,0,0,Damaged,1,1,0,1,0,0,0,0,0,862,4.4
933,DermaCare Serum 933,Hair,DermaCare,,0,0,0,0,Dry,1,0,1,0,1,0,0,1,0,212,3.0
934,PureSkin Mask 934,Hair,PureSkin,,0,0,0,0,Dry,0,0,1,1,0,1,0,1,1,1079,4.9
935,DermaCare Shampoo 935,Hair,DermaCare,,0,0,0,0,Dry,0,0,1,1,1,1,1,0,1,457,3.8
936,NatureGlow Cleanser 936,Hair,NatureGlow,,0,0,0,0,Normal,0,0,0,1,0,0,1,1,1,677,3.1
937,NatureGlow Oil 937,Hair,NatureGlow,,0,0,0,0,Normal,0,0,1,0,0,1,1,0,1,478,3.6
938,GlowPlus Shampoo 938,Hair,GlowPlus,,0,0,0,0,Normal,0,1,0,0,0,0,0,1,1,1146,4.6
939,PureSkin Serum 939,Hair,PureSkin,,0,0,0,0,Dry,1,0,1,0,0,1,0,1,1,1388,3.6
940,PureSkin Oil 940,Hair,PureSkin,,0,0,0,0,Oily,1,1,1,1,1,0,1,1,0,1067,4.1
941,GlowPlus Serum 941,Hair,GlowPlus,,0,0,0,0,Oily,1,0,0,1,1,0,0,0,0,455,4.2
942,HairVital Shampoo 942,Hair,HairVital,,0,0,0,0,Dry,1,0,1,0,0,0,1,1,0,362,4.7
943,GlowPlus Cleanser 943,Hair,GlowPlus,,0,0,0,0,Dry,0,1,1,0,1,0,1,1,0,323,3.1
944,DermaCare Oil 944,Hair,DermaCare,,0,0,0,0,Damaged,0,1,1,0,0,0,0,0,0,499,3.7
945,HairVital Mask 945,Hair,HairVital,,0,0,0,0,Oily,1,0,1,1,0,1,1,1,0,839,3.7
946,HairVital Conditioner 946,Hair,HairVital,,0,0,0,0,Dry,1,1,1,1,1,0,0,0,1,1274,3.5
947,DermaCare Mask 947,Hair,DermaCare,,0,0,0,0,Dry,0,0,1,0,0,0,1,0,0,1185,4.4
948,GlowPlus Moisturizer 948,Hair,GlowPlus,,0,0,0,0,Dry,1,0,1,1,1,1,0,1,1,1074,4.7
949,NatureGlow Oil 949,Hair,NatureGlow,,0,0,0,0,Normal,1,0,1,1,1,0,1,0,0,989,3.6
950,GlowPlus Serum 950,Hair,GlowPlus,,0,0,0,0,Dry,1,0,1,0,1,1,0,1,0,257,4.2
951,NatureGlow Conditioner 951,Hair,NatureGlow,,0,0,0,0,Damaged,1,1,0,0,0,0,1,0,0,402,4.2
952,NatureGlow Cleanser 952,Hair,NatureGlow,,0,0,0,0,Normal,1,0,0,0,0,0,0,0,0,1499,4.0
953,PureSkin Serum 953,Hair,PureSkin,,0,0,0,0,Dry,1,0,1,1,0,0,1,1,1,772,4.4
954,NatureGlow Conditioner 954,Hair,NatureGlow,,0,0,0,0,Oily,1,1,0,1,0,0,1,0,1,1138,4.1
955,DermaCare Cleanser 955,Hair,DermaCare,,0,0,0,0,Dry,0,1,1,0,1,1,1,1,0,360,4.7
956,NatureGlow Mask 956,Hair,NatureGlow,,0,0,0,0,Normal,0,1,1,0,1,0,0,0,0,932,4.1
957,HairVital Oil 957,Hair,HairVital,,0,0,0,0,Dry,1,0,1,1,0,0,1,1,1,725,4.5
958,PureSkin Conditioner 958,Hair,PureSkin,,0,0,0,0,Dry,0,1,1,1,0,1,1,0,1,278,3.9
959,HairVital Oil 959,Hair,HairVital,,0,0,0,0,Normal,1,1,0,1,1,1,1,1,0,1013,3.7
960,PureSkin Cleanser 960,Hair,PureSkin,,0,0,0,0,Normal,1,1,0,0,1,1,1,1,0,1405,4.6
961,HairVital Serum 961,Hair,HairVital,,0,0,0,0,Dry,1,1,1,0,0,0,1,0,0,470,3.3
962,NatureGlow Serum 962,Hair,NatureGlow,,0,0,0,0,Normal,0,0,1,1,0,0,1,0,1,1383,4.9
963,NatureGlow Cleanser 963,Hair,NatureGlow,,0,0,0,0,Normal,1,0,0,0,1,0,0,1,0,1204,4.0
964,GlowPlus Oil 964,Hair,GlowPlus,,0,0,0,0,Oily,1,0,0,0,0,0,0,0,0,544,4.3
965,NatureGlow Conditioner 965,Hair,NatureGlow,,0,0,0,0,Damaged,1,1,1,1,0,1,0,0,0,1012,3.4
966,HairVital Conditioner 966,Hair,HairVital,,0,0,0,0,Oily,1,1,1,0,1,0,1,1,1,447,4.6
967,PureSkin Oil 967,Hair,PureSkin,,0,0,0,0,Normal,0,1,0,0,1,1,1,0,1,776,4.7
968,GlowPlus Oil 968,Hair,GlowPlus,,0,0,0,0,Damaged,0,1,1,0,0,1,1,0,0,276,4.9
969,HairVital Mask 969,Hair,HairVital,,0,0,0,0,Damaged,1,1,1,0,1,1,1,0,0,868,3.4
970,NatureGlow Conditioner 970,Hair,NatureGlow,,0,0,0,0,Dry,0,0,1,1,0,0,1,0,1,1345,3.2
971,GlowPlus Conditioner 971,Hair,GlowPlus,,0,0,0,0,Normal,1,1,0,0,0,1,1,0,1,605,3.5
972,DermaCare Shampoo 972,Hair,DermaCare,,0,0,0,0,Damaged,0,1,1,1,1,1,1,1,1,548,3.7
973,DermaCare Mask 973,Hair,DermaCare,,0,0,0,0,Damaged,1,1,1,0,1,1,0,0,1,829,3.4
974,HairVital Oil 974,Hair,HairVital,,0,0,0,0,Normal,1,0,0,1,0,1,0,1,1,1047,4.4
975,GlowPlus Conditioner 975,Hair,GlowPlus,,0,0,0,0,Normal,1,0,0,0,0,0,1,1,0,291,4.7
976,DermaCare Serum 976,Hair,DermaCare,,0,0,0,0,Normal,0,0,1,1,0,0,0,0,0,656,4.3
977,DermaCare Shampoo 977,Hair,DermaCare,,0,0,0,0,Damaged,1,1,1,0,1,0,0,1,1,1107,3.9
978,GlowPlus Moisturizer 978,Hair,GlowPlus,,0,0,0,0,Dry,0,1,1,1,1,1,0,1,1,748,4.2
979,PureSkin Oil 979,Hair,PureSkin,,0,0,0,0,Oily,1,1,1,1,1,1,1,0,0,450,4.4
980,GlowPlus Mask 980,Hair,GlowPlus,,0,0,0,0,Oily,1,1,0,1,0,0,1,1,1,902,3.2
981,DermaCare Cleanser 981,Hair,DermaCare,,0,0,0,0,Dry,0,0,1,0,0,1,1,0,0,223,5.0
982,GlowPlus Mask 982,Hair,GlowPlus,,0,0,0,0,Oily,1,0,0,0,0,1,1,1,0,938,3.7
983,NatureGlow Shampoo 983,Hair,NatureGlow,,0,0,0,0,Oily,1,0,0,0,1,0,0,0,1,1461,3.0
984,GlowPlus Oil 984,Hair,GlowPlus,,0,0,0,0,Normal,1,0,1,1,0,0,1,0,0,867,3.2
985,HairVital Serum 985,Hair,HairVital,,0,0,0,0,Normal,0,0,0,1,0,1,1,1,1,1048,3.7
986,NatureGlow Mask 986,Hair,NatureGlow,,0,0,0,0,Damaged,1,1,0,1,0,0,1,0,0,1075,3.2
987,GlowPlus Conditioner 987,Hair,GlowPlus,,0,0,0,0,Oily,1,0,1,0,0,1,0,1,1,1289,4.1
988,GlowPlus Mask 988,Hair,GlowPlus,,0,0,0,0,Oily,1,0,0,0,0,0,0,0,0,243,4.4
989,PureSkin Shampoo 989,Hair,PureSkin,,0,0,0,0,Damaged,1,1,0,0,0,1,1,1,1,878,3.7
990,PureSkin Conditioner 990,Hair,PureSkin,,0,0,0,0,Dry,0,0,1,0,1,1,0,0,1,1108,3.1
991,GlowPlus Mask 991,Hair,GlowPlus,,0,0,0,0,Normal,1,0,0,1,1,0,1,0,1,959,3.0
992,GlowPlus Conditioner 992,Hair,GlowPlus,,0,0,0,0,Damaged,1,1,1,1,0,0,0,0,1,792,4.2
993,DermaCare Mask 993,Hair,DermaCare,,0,0,0,0,Dry,0,1,1,1,1,0,1,1,0,263,3.9
994,HairVital Moisturizer 994,Hair,HairVital,,0,0,0,0,Normal,1,0,0,0,0,0,1,1,0,690,3.1
995,HairVital Cleanser 995,Hair,HairVital,,0,0,0,0,Dry,0,1,1,1,1,1,1,0,1,630,4.7
996,NatureGlow Cleanser 996,Hair,NatureGlow,,0,0,0,0,Damaged,0,1,1,1,0,0,0,0,0,452,4.5
997,GlowPlus Conditioner 997,Hair,GlowPlus,,0,0,0,0,Oily,1,0,0,0,1,0,0,1,1,963,3.2
998,PureSkin Conditioner 998,Hair,PureSkin,,0,0,0,0,Normal,1,0,0,1,0,1,0,0,1,764,3.9
999,PureSkin Moisturizer 999,Hair,PureSkin,,0,0,0,0,Normal,0,1,1,0,1,0,1,1,0,1235,4.1
1000,DermaCare Conditioner 1000,Hair,DermaCare,,0,0,0,0,Damaged,1,1,0,1,1,0,0,0,0,935,4.0
